<?xml version="1.0" encoding="UTF-8"?>
<con:soapui-project id="3cbe79b9-7af1-4a05-a5da-aa16b001a1b4" activeEnvironment="Default" name="Proyecto Turismo" resourceRoot="${projectDir}" soapui-version="5.8.0" abortOnError="false" runType="SEQUENTIAL" xmlns:con="http://eviware.com/soapui/config"><con:settings/><con:interface xsi:type="con:WsdlInterface" id="ad241e27-9d91-4cd7-a0ef-b72b6f7e7ea5" wsaVersion="NONE" name="AuthWebServicePortBinding" type="wsdl" bindingName="{http://webservices.soap.turismo.cibertec.com/}AuthWebServicePortBinding" soapVersion="1_1" anonymous="optional" definition="http://localhost:9001/ws/auth?wsdl" xmlns:xsi="http://www.w3.org/2001/XMLSchema-instance"><con:settings/><con:definitionCache type="TEXT" rootPart="http://localhost:9001/ws/auth?wsdl"><con:part><con:url>http://localhost:9001/ws/auth?wsdl</con:url><con:content><![CDATA[<!--Published by XML-WS Runtime (https://github.com/eclipse-ee4j/metro-jax-ws). Runtime's version is XML-WS Runtime 4.0.3 git-revision#a57c222.-->
<!--Generated by XML-WS Runtime (https://github.com/eclipse-ee4j/metro-jax-ws). Runtime's version is XML-WS Runtime 4.0.3 git-revision#a57c222.-->
<definitions targetNamespace="http://webservices.soap.turismo.cibertec.com/" name="AuthService" xmlns:wsu="http://docs.oasis-open.org/wss/2004/01/oasis-200401-wss-wssecurity-utility-1.0.xsd" xmlns:wsp="http://www.w3.org/ns/ws-policy" xmlns:wsp1_2="http://schemas.xmlsoap.org/ws/2004/09/policy" xmlns:wsam="http://www.w3.org/2007/05/addressing/metadata" xmlns:soap="http://schemas.xmlsoap.org/wsdl/soap/" xmlns:tns="http://webservices.soap.turismo.cibertec.com/" xmlns:xsd="http://www.w3.org/2001/XMLSchema" xmlns="http://schemas.xmlsoap.org/wsdl/">
  <types>
    <xsd:schema>
      <xsd:import namespace="http://webservices.soap.turismo.cibertec.com/" schemaLocation="http://localhost:9001/ws/auth?xsd=1"/>
    </xsd:schema>
  </types>
  <message name="login">
    <part name="parameters" element="tns:login"/>
  </message>
  <message name="loginResponse">
    <part name="parameters" element="tns:loginResponse"/>
  </message>
  <message name="registrar">
    <part name="parameters" element="tns:registrar"/>
  </message>
  <message name="registrarResponse">
    <part name="parameters" element="tns:registrarResponse"/>
  </message>
  <portType name="AuthWebService">
    <operation name="login">
      <input wsam:Action="http://webservices.soap.turismo.cibertec.com/AuthWebService/loginRequest" message="tns:login"/>
      <output wsam:Action="http://webservices.soap.turismo.cibertec.com/AuthWebService/loginResponse" message="tns:loginResponse"/>
    </operation>
    <operation name="registrar">
      <input wsam:Action="http://webservices.soap.turismo.cibertec.com/AuthWebService/registrarRequest" message="tns:registrar"/>
      <output wsam:Action="http://webservices.soap.turismo.cibertec.com/AuthWebService/registrarResponse" message="tns:registrarResponse"/>
    </operation>
  </portType>
  <binding name="AuthWebServicePortBinding" type="tns:AuthWebService">
    <soap:binding transport="http://schemas.xmlsoap.org/soap/http" style="document"/>
    <operation name="login">
      <soap:operation soapAction=""/>
      <input>
        <soap:body use="literal"/>
      </input>
      <output>
        <soap:body use="literal"/>
      </output>
    </operation>
    <operation name="registrar">
      <soap:operation soapAction=""/>
      <input>
        <soap:body use="literal"/>
      </input>
      <output>
        <soap:body use="literal"/>
      </output>
    </operation>
  </binding>
  <service name="AuthService">
    <port name="AuthWebServicePort" binding="tns:AuthWebServicePortBinding">
      <soap:address location="http://localhost:9001/ws/auth"/>
    </port>
  </service>
</definitions>]]></con:content><con:type>http://schemas.xmlsoap.org/wsdl/</con:type></con:part><con:part><con:url>http://localhost:9001/ws/auth?xsd=1</con:url><con:content><![CDATA[<!--Published by XML-WS Runtime (https://github.com/eclipse-ee4j/metro-jax-ws). Runtime's version is XML-WS Runtime 4.0.3 git-revision#a57c222.-->
<xs:schema version="1.0" targetNamespace="http://webservices.soap.turismo.cibertec.com/" xmlns:tns="http://webservices.soap.turismo.cibertec.com/" xmlns:xs="http://www.w3.org/2001/XMLSchema">
  <xs:element name="login" type="tns:login"/>
  <xs:element name="loginResponse" type="tns:loginResponse"/>
  <xs:element name="registrar" type="tns:registrar"/>
  <xs:element name="registrarResponse" type="tns:registrarResponse"/>
  <xs:complexType name="login">
    <xs:sequence>
      <xs:element name="arg0" type="xs:string" minOccurs="0"/>
      <xs:element name="arg1" type="xs:string" minOccurs="0"/>
    </xs:sequence>
  </xs:complexType>
  <xs:complexType name="loginResponse">
    <xs:sequence>
      <xs:element name="return" type="xs:string" minOccurs="0"/>
    </xs:sequence>
  </xs:complexType>
  <xs:complexType name="registrar">
    <xs:sequence>
      <xs:element name="arg0" type="tns:usuario" minOccurs="0"/>
    </xs:sequence>
  </xs:complexType>
  <xs:complexType name="usuario">
    <xs:sequence>
      <xs:element name="email" type="xs:string" minOccurs="0"/>
      <xs:element name="id" type="xs:long" minOccurs="0"/>
      <xs:element name="password" type="xs:string" minOccurs="0"/>
      <xs:element name="role" type="xs:string" minOccurs="0"/>
    </xs:sequence>
  </xs:complexType>
  <xs:complexType name="registrarResponse">
    <xs:sequence>
      <xs:element name="return" type="tns:usuario" minOccurs="0"/>
    </xs:sequence>
  </xs:complexType>
</xs:schema>]]></con:content><con:type>http://www.w3.org/2001/XMLSchema</con:type></con:part></con:definitionCache><con:endpoints><con:endpoint>http://localhost:9001/ws/auth</con:endpoint></con:endpoints><con:operation id="847af159-418e-474b-90d2-7590389e5f38" isOneWay="false" action="" name="login" bindingOperationName="login" type="Request-Response" inputName="" receivesAttachments="false" sendsAttachments="false" anonymous="optional"><con:settings/><con:call id="50317ee5-93ea-437b-9693-bd283b2f6416" name="Request 1"><con:settings><con:setting id="com.eviware.soapui.impl.wsdl.WsdlRequest@request-headers">&lt;xml-fragment/></con:setting></con:settings><con:encoding>UTF-8</con:encoding><con:endpoint>http://localhost:9001/ws/auth</con:endpoint><con:request><![CDATA[<soapenv:Envelope xmlns:soapenv="http://schemas.xmlsoap.org/soap/envelope/" xmlns:web="http://webservices.soap.turismo.cibertec.com/">\r
   <soapenv:Header/>\r
   <soapenv:Body>\r
      <web:login>\r
         <!--Optional:-->\r
         <arg0>admin@email.com</arg0>\r
         <!--Optional:-->\r
         <arg1>1234</arg1>\r
      </web:login>\r
   </soapenv:Body>\r
</soapenv:Envelope>]]></con:request><con:credentials><con:authType>No Authorization</con:authType></con:credentials><con:jmsConfig JMSDeliveryMode="PERSISTENT"/><con:jmsPropertyConfig/><con:wsaConfig mustUnderstand="NONE" version="200508" action="http://webservices.soap.turismo.cibertec.com/AuthWebService/loginRequest"/><con:wsrmConfig version="1.2"/></con:call></con:operation><con:operation id="0fa1d473-a8ca-4f1a-b440-c9e95776f4b9" isOneWay="false" action="" name="registrar" bindingOperationName="registrar" type="Request-Response" inputName="" receivesAttachments="false" sendsAttachments="false" anonymous="optional"><con:settings/><con:call id="ae1564aa-1b31-40e5-867b-47968156e488" name="Request 1"><con:settings><con:setting id="com.eviware.soapui.impl.wsdl.WsdlRequest@request-headers">&lt;xml-fragment/></con:setting></con:settings><con:encoding>UTF-8</con:encoding><con:endpoint>http://localhost:9001/ws/auth</con:endpoint><con:request><![CDATA[<soapenv:Envelope xmlns:soapenv="http://schemas.xmlsoap.org/soap/envelope/" xmlns:web="http://webservices.soap.turismo.cibertec.com/">\r
   <soapenv:Header/>\r
   <soapenv:Body>\r
      <web:registrar>\r
         <!--Optional:-->\r
         <arg0>\r
            <!--Optional:-->\r
            <email>prueba2@email.com</email>\r
            <!--Optional:-->\r
            <id>?</id>\r
            <!--Optional:-->\r
            <password>1234</password>\r
            <!--Optional:-->\r
            <role>USER</role>\r
         </arg0>\r
      </web:registrar>\r
   </soapenv:Body>\r
</soapenv:Envelope>]]></con:request><con:credentials><con:authType>No Authorization</con:authType></con:credentials><con:jmsConfig JMSDeliveryMode="PERSISTENT"/><con:jmsPropertyConfig/><con:wsaConfig mustUnderstand="NONE" version="200508" action="http://webservices.soap.turismo.cibertec.com/AuthWebService/registrarRequest"/><con:wsrmConfig version="1.2"/></con:call></con:operation></con:interface><con:interface xsi:type="con:WsdlInterface" id="39f2d3e8-5a0f-489b-a88a-2e994b8d54c6" wsaVersion="NONE" name="UsuarioWebServicePortBinding" type="wsdl" bindingName="{http://webservices.soap.turismo.cibertec.com/}UsuarioWebServicePortBinding" soapVersion="1_1" anonymous="optional" definition="http://localhost:9001/ws/usuario?wsdl" xmlns:xsi="http://www.w3.org/2001/XMLSchema-instance"><con:settings/><con:definitionCache type="TEXT" rootPart="http://localhost:9001/ws/usuario?wsdl"><con:part><con:url>http://localhost:9001/ws/usuario?wsdl</con:url><con:content><![CDATA[<!--Published by XML-WS Runtime (https://github.com/eclipse-ee4j/metro-jax-ws). Runtime's version is XML-WS Runtime 4.0.3 git-revision#a57c222.-->
<!--Generated by XML-WS Runtime (https://github.com/eclipse-ee4j/metro-jax-ws). Runtime's version is XML-WS Runtime 4.0.3 git-revision#a57c222.-->
<definitions targetNamespace="http://webservices.soap.turismo.cibertec.com/" name="UsuarioService" xmlns:wsu="http://docs.oasis-open.org/wss/2004/01/oasis-200401-wss-wssecurity-utility-1.0.xsd" xmlns:wsp="http://www.w3.org/ns/ws-policy" xmlns:wsp1_2="http://schemas.xmlsoap.org/ws/2004/09/policy" xmlns:wsam="http://www.w3.org/2007/05/addressing/metadata" xmlns:soap="http://schemas.xmlsoap.org/wsdl/soap/" xmlns:tns="http://webservices.soap.turismo.cibertec.com/" xmlns:xsd="http://www.w3.org/2001/XMLSchema" xmlns="http://schemas.xmlsoap.org/wsdl/">
  <types>
    <xsd:schema>
      <xsd:import namespace="http://webservices.soap.turismo.cibertec.com/" schemaLocation="http://localhost:9001/ws/usuario?xsd=1"/>
    </xsd:schema>
  </types>
  <message name="obtenerUsuarioPorEmail">
    <part name="parameters" element="tns:obtenerUsuarioPorEmail"/>
  </message>
  <message name="obtenerUsuarioPorEmailResponse">
    <part name="parameters" element="tns:obtenerUsuarioPorEmailResponse"/>
  </message>
  <message name="obtenerUsuarioPorId">
    <part name="parameters" element="tns:obtenerUsuarioPorId"/>
  </message>
  <message name="obtenerUsuarioPorIdResponse">
    <part name="parameters" element="tns:obtenerUsuarioPorIdResponse"/>
  </message>
  <message name="registrarUsuario">
    <part name="parameters" element="tns:registrarUsuario"/>
  </message>
  <message name="registrarUsuarioResponse">
    <part name="parameters" element="tns:registrarUsuarioResponse"/>
  </message>
  <portType name="UsuarioWebService">
    <operation name="obtenerUsuarioPorEmail">
      <input wsam:Action="http://webservices.soap.turismo.cibertec.com/UsuarioWebService/obtenerUsuarioPorEmailRequest" message="tns:obtenerUsuarioPorEmail"/>
      <output wsam:Action="http://webservices.soap.turismo.cibertec.com/UsuarioWebService/obtenerUsuarioPorEmailResponse" message="tns:obtenerUsuarioPorEmailResponse"/>
    </operation>
    <operation name="obtenerUsuarioPorId">
      <input wsam:Action="http://webservices.soap.turismo.cibertec.com/UsuarioWebService/obtenerUsuarioPorIdRequest" message="tns:obtenerUsuarioPorId"/>
      <output wsam:Action="http://webservices.soap.turismo.cibertec.com/UsuarioWebService/obtenerUsuarioPorIdResponse" message="tns:obtenerUsuarioPorIdResponse"/>
    </operation>
    <operation name="registrarUsuario">
      <input wsam:Action="http://webservices.soap.turismo.cibertec.com/UsuarioWebService/registrarUsuarioRequest" message="tns:registrarUsuario"/>
      <output wsam:Action="http://webservices.soap.turismo.cibertec.com/UsuarioWebService/registrarUsuarioResponse" message="tns:registrarUsuarioResponse"/>
    </operation>
  </portType>
  <binding name="UsuarioWebServicePortBinding" type="tns:UsuarioWebService">
    <soap:binding transport="http://schemas.xmlsoap.org/soap/http" style="document"/>
    <operation name="obtenerUsuarioPorEmail">
      <soap:operation soapAction=""/>
      <input>
        <soap:body use="literal"/>
      </input>
      <output>
        <soap:body use="literal"/>
      </output>
    </operation>
    <operation name="obtenerUsuarioPorId">
      <soap:operation soapAction=""/>
      <input>
        <soap:body use="literal"/>
      </input>
      <output>
        <soap:body use="literal"/>
      </output>
    </operation>
    <operation name="registrarUsuario">
      <soap:operation soapAction=""/>
      <input>
        <soap:body use="literal"/>
      </input>
      <output>
        <soap:body use="literal"/>
      </output>
    </operation>
  </binding>
  <service name="UsuarioService">
    <port name="UsuarioWebServicePort" binding="tns:UsuarioWebServicePortBinding">
      <soap:address location="http://localhost:9001/ws/usuario"/>
    </port>
  </service>
</definitions>]]></con:content><con:type>http://schemas.xmlsoap.org/wsdl/</con:type></con:part><con:part><con:url>http://localhost:9001/ws/usuario?xsd=1</con:url><con:content><![CDATA[<!--Published by XML-WS Runtime (https://github.com/eclipse-ee4j/metro-jax-ws). Runtime's version is XML-WS Runtime 4.0.3 git-revision#a57c222.-->
<xs:schema version="1.0" targetNamespace="http://webservices.soap.turismo.cibertec.com/" xmlns:tns="http://webservices.soap.turismo.cibertec.com/" xmlns:xs="http://www.w3.org/2001/XMLSchema">
  <xs:element name="obtenerUsuarioPorEmail" type="tns:obtenerUsuarioPorEmail"/>
  <xs:element name="obtenerUsuarioPorEmailResponse" type="tns:obtenerUsuarioPorEmailResponse"/>
  <xs:element name="obtenerUsuarioPorId" type="tns:obtenerUsuarioPorId"/>
  <xs:element name="obtenerUsuarioPorIdResponse" type="tns:obtenerUsuarioPorIdResponse"/>
  <xs:element name="registrarUsuario" type="tns:registrarUsuario"/>
  <xs:element name="registrarUsuarioResponse" type="tns:registrarUsuarioResponse"/>
  <xs:complexType name="registrarUsuario">
    <xs:sequence>
      <xs:element name="arg0" type="tns:usuario" minOccurs="0"/>
    </xs:sequence>
  </xs:complexType>
  <xs:complexType name="usuario">
    <xs:sequence>
      <xs:element name="email" type="xs:string" minOccurs="0"/>
      <xs:element name="id" type="xs:long" minOccurs="0"/>
      <xs:element name="password" type="xs:string" minOccurs="0"/>
      <xs:element name="role" type="xs:string" minOccurs="0"/>
    </xs:sequence>
  </xs:complexType>
  <xs:complexType name="registrarUsuarioResponse">
    <xs:sequence>
      <xs:element name="return" type="tns:usuario" minOccurs="0"/>
    </xs:sequence>
  </xs:complexType>
  <xs:complexType name="obtenerUsuarioPorEmail">
    <xs:sequence>
      <xs:element name="arg0" type="xs:string" minOccurs="0"/>
    </xs:sequence>
  </xs:complexType>
  <xs:complexType name="obtenerUsuarioPorEmailResponse">
    <xs:sequence>
      <xs:element name="return" type="tns:usuario" minOccurs="0"/>
    </xs:sequence>
  </xs:complexType>
  <xs:complexType name="obtenerUsuarioPorId">
    <xs:sequence>
      <xs:element name="arg0" type="xs:long" minOccurs="0"/>
    </xs:sequence>
  </xs:complexType>
  <xs:complexType name="obtenerUsuarioPorIdResponse">
    <xs:sequence>
      <xs:element name="return" type="tns:usuario" minOccurs="0"/>
    </xs:sequence>
  </xs:complexType>
</xs:schema>]]></con:content><con:type>http://www.w3.org/2001/XMLSchema</con:type></con:part></con:definitionCache><con:endpoints><con:endpoint>http://localhost:9001/ws/usuario</con:endpoint></con:endpoints><con:operation id="09d58430-200e-4fa9-a9c9-b44ad28d3e44" isOneWay="false" action="" name="obtenerUsuarioPorEmail" bindingOperationName="obtenerUsuarioPorEmail" type="Request-Response" inputName="" receivesAttachments="false" sendsAttachments="false" anonymous="optional"><con:settings/><con:call id="c664704f-659c-4dbf-b30c-180020b6c599" name="Request 1"><con:settings/><con:encoding>UTF-8</con:encoding><con:endpoint>http://localhost:9001/ws/usuario</con:endpoint><con:request><![CDATA[<soapenv:Envelope xmlns:soapenv="http://schemas.xmlsoap.org/soap/envelope/" xmlns:web="http://webservices.soap.turismo.cibertec.com/">\r
   <soapenv:Header/>\r
   <soapenv:Body>\r
      <web:obtenerUsuarioPorEmail>\r
         <!--Optional:-->\r
         <arg0>?</arg0>\r
      </web:obtenerUsuarioPorEmail>\r
   </soapenv:Body>\r
</soapenv:Envelope>]]></con:request><con:wsaConfig mustUnderstand="NONE" version="200508" action="http://webservices.soap.turismo.cibertec.com/UsuarioWebService/obtenerUsuarioPorEmailRequest"/></con:call></con:operation><con:operation id="0a0c4c03-5839-4495-92e1-8e93d8c1981b" isOneWay="false" action="" name="obtenerUsuarioPorId" bindingOperationName="obtenerUsuarioPorId" type="Request-Response" inputName="" receivesAttachments="false" sendsAttachments="false" anonymous="optional"><con:settings/><con:call id="11c37ebb-a41b-48b8-a62f-34b92224ac03" name="Request 1"><con:settings><con:setting id="com.eviware.soapui.impl.wsdl.WsdlRequest@request-headers">&lt;xml-fragment/></con:setting></con:settings><con:encoding>UTF-8</con:encoding><con:endpoint>http://localhost:9001/ws/usuario</con:endpoint><con:request><![CDATA[<soapenv:Envelope xmlns:soapenv="http://schemas.xmlsoap.org/soap/envelope/" xmlns:web="http://webservices.soap.turismo.cibertec.com/">\r
   <soapenv:Header/>\r
   <soapenv:Body>\r
      <web:obtenerUsuarioPorId>\r
         <!--Optional:-->\r
         <arg0>1</arg0>\r
      </web:obtenerUsuarioPorId>\r
   </soapenv:Body>\r
</soapenv:Envelope>]]></con:request><con:credentials><con:authType>No Authorization</con:authType></con:credentials><con:jmsConfig JMSDeliveryMode="PERSISTENT"/><con:jmsPropertyConfig/><con:wsaConfig mustUnderstand="NONE" version="200508" action="http://webservices.soap.turismo.cibertec.com/UsuarioWebService/obtenerUsuarioPorIdRequest"/><con:wsrmConfig version="1.2"/></con:call></con:operation><con:operation id="a2b675df-704a-4862-9da7-4bc91fed5c14" isOneWay="false" action="" name="registrarUsuario" bindingOperationName="registrarUsuario" type="Request-Response" inputName="" receivesAttachments="false" sendsAttachments="false" anonymous="optional"><con:settings/><con:call id="3f575d50-1062-4cd8-9fae-ca07a810753b" name="Request 1"><con:settings/><con:encoding>UTF-8</con:encoding><con:endpoint>http://localhost:9001/ws/usuario</con:endpoint><con:request><![CDATA[<soapenv:Envelope xmlns:soapenv="http://schemas.xmlsoap.org/soap/envelope/" xmlns:web="http://webservices.soap.turismo.cibertec.com/">\r
   <soapenv:Header/>\r
   <soapenv:Body>\r
      <web:registrarUsuario>\r
         <!--Optional:-->\r
         <arg0>\r
            <!--Optional:-->\r
            <email>?</email>\r
            <!--Optional:-->\r
            <id>?</id>\r
            <!--Optional:-->\r
            <password>?</password>\r
            <!--Optional:-->\r
            <role>?</role>\r
         </arg0>\r
      </web:registrarUsuario>\r
   </soapenv:Body>\r
</soapenv:Envelope>]]></con:request><con:wsaConfig mustUnderstand="NONE" version="200508" action="http://webservices.soap.turismo.cibertec.com/UsuarioWebService/registrarUsuarioRequest"/></con:call></con:operation></con:interface><con:interface xsi:type="con:WsdlInterface" id="bbc64d12-4a81-4dbe-8de8-1011881c2007" wsaVersion="NONE" name="DestinoTuristicoWebServicePortBinding" type="wsdl" bindingName="{http://webservices.soap.turismo.cibertec.com/}DestinoTuristicoWebServicePortBinding" soapVersion="1_1" anonymous="optional" definition="http://localhost:9001/ws/destino?wsdl" xmlns:xsi="http://www.w3.org/2001/XMLSchema-instance"><con:settings/><con:definitionCache type="TEXT" rootPart="http://localhost:9001/ws/destino?wsdl"><con:part><con:url>http://localhost:9001/ws/destino?wsdl</con:url><con:content><![CDATA[<!--Published by XML-WS Runtime (https://github.com/eclipse-ee4j/metro-jax-ws). Runtime's version is XML-WS Runtime 4.0.3 git-revision#a57c222.-->
<!--Generated by XML-WS Runtime (https://github.com/eclipse-ee4j/metro-jax-ws). Runtime's version is XML-WS Runtime 4.0.3 git-revision#a57c222.-->
<definitions targetNamespace="http://webservices.soap.turismo.cibertec.com/" name="DestinoTuristicoService" xmlns:wsu="http://docs.oasis-open.org/wss/2004/01/oasis-200401-wss-wssecurity-utility-1.0.xsd" xmlns:wsp="http://www.w3.org/ns/ws-policy" xmlns:wsp1_2="http://schemas.xmlsoap.org/ws/2004/09/policy" xmlns:wsam="http://www.w3.org/2007/05/addressing/metadata" xmlns:soap="http://schemas.xmlsoap.org/wsdl/soap/" xmlns:tns="http://webservices.soap.turismo.cibertec.com/" xmlns:xsd="http://www.w3.org/2001/XMLSchema" xmlns="http://schemas.xmlsoap.org/wsdl/">
  <types>
    <xsd:schema>
      <xsd:import namespace="http://webservices.soap.turismo.cibertec.com/" schemaLocation="http://localhost:9001/ws/destino?xsd=1"/>
    </xsd:schema>
  </types>
  <message name="crearDestino">
    <part name="parameters" element="tns:crearDestino"/>
  </message>
  <message name="crearDestinoResponse">
    <part name="parameters" element="tns:crearDestinoResponse"/>
  </message>
  <message name="listarDestinos">
    <part name="parameters" element="tns:listarDestinos"/>
  </message>
  <message name="listarDestinosResponse">
    <part name="parameters" element="tns:listarDestinosResponse"/>
  </message>
  <message name="obtenerDestinoPorId">
    <part name="parameters" element="tns:obtenerDestinoPorId"/>
  </message>
  <message name="obtenerDestinoPorIdResponse">
    <part name="parameters" element="tns:obtenerDestinoPorIdResponse"/>
  </message>
  <portType name="DestinoTuristicoWebService">
    <operation name="crearDestino">
      <input wsam:Action="http://webservices.soap.turismo.cibertec.com/DestinoTuristicoWebService/crearDestinoRequest" message="tns:crearDestino"/>
      <output wsam:Action="http://webservices.soap.turismo.cibertec.com/DestinoTuristicoWebService/crearDestinoResponse" message="tns:crearDestinoResponse"/>
    </operation>
    <operation name="listarDestinos">
      <input wsam:Action="http://webservices.soap.turismo.cibertec.com/DestinoTuristicoWebService/listarDestinosRequest" message="tns:listarDestinos"/>
      <output wsam:Action="http://webservices.soap.turismo.cibertec.com/DestinoTuristicoWebService/listarDestinosResponse" message="tns:listarDestinosResponse"/>
    </operation>
    <operation name="obtenerDestinoPorId">
      <input wsam:Action="http://webservices.soap.turismo.cibertec.com/DestinoTuristicoWebService/obtenerDestinoPorIdRequest" message="tns:obtenerDestinoPorId"/>
      <output wsam:Action="http://webservices.soap.turismo.cibertec.com/DestinoTuristicoWebService/obtenerDestinoPorIdResponse" message="tns:obtenerDestinoPorIdResponse"/>
    </operation>
  </portType>
  <binding name="DestinoTuristicoWebServicePortBinding" type="tns:DestinoTuristicoWebService">
    <soap:binding transport="http://schemas.xmlsoap.org/soap/http" style="document"/>
    <operation name="crearDestino">
      <soap:operation soapAction=""/>
      <input>
        <soap:body use="literal"/>
      </input>
      <output>
        <soap:body use="literal"/>
      </output>
    </operation>
    <operation name="listarDestinos">
      <soap:operation soapAction=""/>
      <input>
        <soap:body use="literal"/>
      </input>
      <output>
        <soap:body use="literal"/>
      </output>
    </operation>
    <operation name="obtenerDestinoPorId">
      <soap:operation soapAction=""/>
      <input>
        <soap:body use="literal"/>
      </input>
      <output>
        <soap:body use="literal"/>
      </output>
    </operation>
  </binding>
  <service name="DestinoTuristicoService">
    <port name="DestinoTuristicoWebServicePort" binding="tns:DestinoTuristicoWebServicePortBinding">
      <soap:address location="http://localhost:9001/ws/destino"/>
    </port>
  </service>
</definitions>]]></con:content><con:type>http://schemas.xmlsoap.org/wsdl/</con:type></con:part><con:part><con:url>http://localhost:9001/ws/destino?xsd=1</con:url><con:content><![CDATA[<!--Published by XML-WS Runtime (https://github.com/eclipse-ee4j/metro-jax-ws). Runtime's version is XML-WS Runtime 4.0.3 git-revision#a57c222.-->
<xs:schema version="1.0" targetNamespace="http://webservices.soap.turismo.cibertec.com/" xmlns:tns="http://webservices.soap.turismo.cibertec.com/" xmlns:xs="http://www.w3.org/2001/XMLSchema">
  <xs:element name="crearDestino" type="tns:crearDestino"/>
  <xs:element name="crearDestinoResponse" type="tns:crearDestinoResponse"/>
  <xs:element name="listarDestinos" type="tns:listarDestinos"/>
  <xs:element name="listarDestinosResponse" type="tns:listarDestinosResponse"/>
  <xs:element name="obtenerDestinoPorId" type="tns:obtenerDestinoPorId"/>
  <xs:element name="obtenerDestinoPorIdResponse" type="tns:obtenerDestinoPorIdResponse"/>
  <xs:complexType name="listarDestinos">
    <xs:sequence/>
  </xs:complexType>
  <xs:complexType name="listarDestinosResponse">
    <xs:sequence>
      <xs:element name="return" type="tns:destinoTuristico" minOccurs="0" maxOccurs="unbounded"/>
    </xs:sequence>
  </xs:complexType>
  <xs:complexType name="destinoTuristico">
    <xs:sequence>
      <xs:element name="descripcion" type="xs:string" minOccurs="0"/>
      <xs:element name="id" type="xs:long" minOccurs="0"/>
      <xs:element name="nombre" type="xs:string" minOccurs="0"/>
      <xs:element name="ubicacion" type="xs:string" minOccurs="0"/>
    </xs:sequence>
  </xs:complexType>
  <xs:complexType name="crearDestino">
    <xs:sequence>
      <xs:element name="arg0" type="tns:destinoTuristico" minOccurs="0"/>
    </xs:sequence>
  </xs:complexType>
  <xs:complexType name="crearDestinoResponse">
    <xs:sequence>
      <xs:element name="return" type="tns:destinoTuristico" minOccurs="0"/>
    </xs:sequence>
  </xs:complexType>
  <xs:complexType name="obtenerDestinoPorId">
    <xs:sequence>
      <xs:element name="arg0" type="xs:long" minOccurs="0"/>
    </xs:sequence>
  </xs:complexType>
  <xs:complexType name="obtenerDestinoPorIdResponse">
    <xs:sequence>
      <xs:element name="return" type="tns:destinoTuristico" minOccurs="0"/>
    </xs:sequence>
  </xs:complexType>
</xs:schema>]]></con:content><con:type>http://www.w3.org/2001/XMLSchema</con:type></con:part></con:definitionCache><con:endpoints><con:endpoint>http://localhost:9001/ws/destino</con:endpoint></con:endpoints><con:operation id="1ed2438f-a691-4148-a814-0a352b81d946" isOneWay="false" action="" name="crearDestino" bindingOperationName="crearDestino" type="Request-Response" inputName="" receivesAttachments="false" sendsAttachments="false" anonymous="optional"><con:settings/><con:call id="81c40986-2e20-4674-90fb-85bbbc20b72b" name="Request 1"><con:settings><con:setting id="com.eviware.soapui.impl.wsdl.WsdlRequest@request-headers">&lt;xml-fragment/></con:setting></con:settings><con:encoding>UTF-8</con:encoding><con:endpoint>http://localhost:9001/ws/destino</con:endpoint><con:request><![CDATA[<soapenv:Envelope xmlns:soapenv="http://schemas.xmlsoap.org/soap/envelope/" xmlns:web="http://webservices.soap.turismo.cibertec.com/">\r
   <soapenv:Header/>\r
   <soapenv:Body>\r
      <web:crearDestino>\r
         <!--Optional:-->\r
         <arg0>\r
            <!--Optional:-->\r
            <descripcion>alsdhsakljdasd</descripcion>\r
            <!--Optional:-->\r
            <id>?</id>\r
            <!--Optional:-->\r
            <nombre>Pe</nombre>\r
            <!--Optional:-->\r
            <ubicacion>sadad</ubicacion>\r
         </arg0>\r
      </web:crearDestino>\r
   </soapenv:Body>\r
</soapenv:Envelope>]]></con:request><con:credentials><con:authType>No Authorization</con:authType></con:credentials><con:jmsConfig JMSDeliveryMode="PERSISTENT"/><con:jmsPropertyConfig/><con:wsaConfig mustUnderstand="NONE" version="200508" action="http://webservices.soap.turismo.cibertec.com/DestinoTuristicoWebService/crearDestinoRequest"/><con:wsrmConfig version="1.2"/></con:call></con:operation><con:operation id="e130df5e-dca9-4587-8da6-33e9b5d3e84a" isOneWay="false" action="" name="listarDestinos" bindingOperationName="listarDestinos" type="Request-Response" inputName="" receivesAttachments="false" sendsAttachments="false" anonymous="optional"><con:settings/><con:call id="e2a50787-6cee-4499-8a08-c8797f0b01f3" name="Request 1"><con:settings><con:setting id="com.eviware.soapui.impl.wsdl.WsdlRequest@request-headers">&lt;xml-fragment/></con:setting></con:settings><con:encoding>UTF-8</con:encoding><con:endpoint>http://localhost:9001/ws/destino</con:endpoint><con:request><![CDATA[<soapenv:Envelope xmlns:soapenv="http://schemas.xmlsoap.org/soap/envelope/" xmlns:web="http://webservices.soap.turismo.cibertec.com/">\r
   <soapenv:Header/>\r
   <soapenv:Body>\r
      <web:listarDestinos/>\r
   </soapenv:Body>\r
</soapenv:Envelope>]]></con:request><con:credentials><con:authType>No Authorization</con:authType></con:credentials><con:jmsConfig JMSDeliveryMode="PERSISTENT"/><con:jmsPropertyConfig/><con:wsaConfig mustUnderstand="NONE" version="200508" action="http://webservices.soap.turismo.cibertec.com/DestinoTuristicoWebService/listarDestinosRequest"/><con:wsrmConfig version="1.2"/></con:call></con:operation><con:operation id="885d9bbb-1656-4444-8dba-e3ac1b1b2548" isOneWay="false" action="" name="obtenerDestinoPorId" bindingOperationName="obtenerDestinoPorId" type="Request-Response" inputName="" receivesAttachments="false" sendsAttachments="false" anonymous="optional"><con:settings/><con:call id="d7b3cef5-d413-4319-8352-66e58212ca46" name="Request 1"><con:settings/><con:encoding>UTF-8</con:encoding><con:endpoint>http://localhost:9001/ws/destino</con:endpoint><con:request><![CDATA[<soapenv:Envelope xmlns:soapenv="http://schemas.xmlsoap.org/soap/envelope/" xmlns:web="http://webservices.soap.turismo.cibertec.com/">\r
   <soapenv:Header/>\r
   <soapenv:Body>\r
      <web:obtenerDestinoPorId>\r
         <!--Optional:-->\r
         <arg0>?</arg0>\r
      </web:obtenerDestinoPorId>\r
   </soapenv:Body>\r
</soapenv:Envelope>]]></con:request><con:wsaConfig mustUnderstand="NONE" version="200508" action="http://webservices.soap.turismo.cibertec.com/DestinoTuristicoWebService/obtenerDestinoPorIdRequest"/></con:call></con:operation></con:interface><con:interface xsi:type="con:WsdlInterface" id="42c2286c-6db7-4649-a8b9-70ba65b52e27" wsaVersion="NONE" name="ReservaWebServicePortBinding" type="wsdl" bindingName="{http://webservices.soap.turismo.cibertec.com/}ReservaWebServicePortBinding" soapVersion="1_1" anonymous="optional" definition="http://localhost:9001/ws/reserva?wsdl" xmlns:xsi="http://www.w3.org/2001/XMLSchema-instance"><con:settings/><con:definitionCache type="TEXT" rootPart="http://localhost:9001/ws/reserva?wsdl"><con:part><con:url>http://localhost:9001/ws/reserva?wsdl</con:url><con:content><![CDATA[<!--Published by XML-WS Runtime (https://github.com/eclipse-ee4j/metro-jax-ws). Runtime's version is XML-WS Runtime 4.0.3 git-revision#a57c222.-->
<!--Generated by XML-WS Runtime (https://github.com/eclipse-ee4j/metro-jax-ws). Runtime's version is XML-WS Runtime 4.0.3 git-revision#a57c222.-->
<definitions targetNamespace="http://webservices.soap.turismo.cibertec.com/" name="ReservaService" xmlns:wsu="http://docs.oasis-open.org/wss/2004/01/oasis-200401-wss-wssecurity-utility-1.0.xsd" xmlns:wsp="http://www.w3.org/ns/ws-policy" xmlns:wsp1_2="http://schemas.xmlsoap.org/ws/2004/09/policy" xmlns:wsam="http://www.w3.org/2007/05/addressing/metadata" xmlns:soap="http://schemas.xmlsoap.org/wsdl/soap/" xmlns:tns="http://webservices.soap.turismo.cibertec.com/" xmlns:xsd="http://www.w3.org/2001/XMLSchema" xmlns="http://schemas.xmlsoap.org/wsdl/">
  <types>
    <xsd:schema>
      <xsd:import namespace="http://webservices.soap.turismo.cibertec.com/" schemaLocation="http://localhost:9001/ws/reserva?xsd=1"/>
    </xsd:schema>
  </types>
  <message name="crearReserva">
    <part name="parameters" element="tns:crearReserva"/>
  </message>
  <message name="crearReservaResponse">
    <part name="parameters" element="tns:crearReservaResponse"/>
  </message>
  <message name="listarReservasPorUsuario">
    <part name="parameters" element="tns:listarReservasPorUsuario"/>
  </message>
  <message name="listarReservasPorUsuarioResponse">
    <part name="parameters" element="tns:listarReservasPorUsuarioResponse"/>
  </message>
  <message name="actualizarEstadoReserva">
    <part name="parameters" element="tns:actualizarEstadoReserva"/>
  </message>
  <message name="actualizarEstadoReservaResponse">
    <part name="parameters" element="tns:actualizarEstadoReservaResponse"/>
  </message>
  <message name="obtenerReservaPorId">
    <part name="parameters" element="tns:obtenerReservaPorId"/>
  </message>
  <message name="obtenerReservaPorIdResponse">
    <part name="parameters" element="tns:obtenerReservaPorIdResponse"/>
  </message>
  <portType name="ReservaWebService">
    <operation name="crearReserva">
      <input wsam:Action="http://webservices.soap.turismo.cibertec.com/ReservaWebService/crearReservaRequest" message="tns:crearReserva"/>
      <output wsam:Action="http://webservices.soap.turismo.cibertec.com/ReservaWebService/crearReservaResponse" message="tns:crearReservaResponse"/>
    </operation>
    <operation name="listarReservasPorUsuario">
      <input wsam:Action="http://webservices.soap.turismo.cibertec.com/ReservaWebService/listarReservasPorUsuarioRequest" message="tns:listarReservasPorUsuario"/>
      <output wsam:Action="http://webservices.soap.turismo.cibertec.com/ReservaWebService/listarReservasPorUsuarioResponse" message="tns:listarReservasPorUsuarioResponse"/>
    </operation>
    <operation name="actualizarEstadoReserva">
      <input wsam:Action="http://webservices.soap.turismo.cibertec.com/ReservaWebService/actualizarEstadoReservaRequest" message="tns:actualizarEstadoReserva"/>
      <output wsam:Action="http://webservices.soap.turismo.cibertec.com/ReservaWebService/actualizarEstadoReservaResponse" message="tns:actualizarEstadoReservaResponse"/>
    </operation>
    <operation name="obtenerReservaPorId">
      <input wsam:Action="http://webservices.soap.turismo.cibertec.com/ReservaWebService/obtenerReservaPorIdRequest" message="tns:obtenerReservaPorId"/>
      <output wsam:Action="http://webservices.soap.turismo.cibertec.com/ReservaWebService/obtenerReservaPorIdResponse" message="tns:obtenerReservaPorIdResponse"/>
    </operation>
  </portType>
  <binding name="ReservaWebServicePortBinding" type="tns:ReservaWebService">
    <soap:binding transport="http://schemas.xmlsoap.org/soap/http" style="document"/>
    <operation name="crearReserva">
      <soap:operation soapAction=""/>
      <input>
        <soap:body use="literal"/>
      </input>
      <output>
        <soap:body use="literal"/>
      </output>
    </operation>
    <operation name="listarReservasPorUsuario">
      <soap:operation soapAction=""/>
      <input>
        <soap:body use="literal"/>
      </input>
      <output>
        <soap:body use="literal"/>
      </output>
    </operation>
    <operation name="actualizarEstadoReserva">
      <soap:operation soapAction=""/>
      <input>
        <soap:body use="literal"/>
      </input>
      <output>
        <soap:body use="literal"/>
      </output>
    </operation>
    <operation name="obtenerReservaPorId">
      <soap:operation soapAction=""/>
      <input>
        <soap:body use="literal"/>
      </input>
      <output>
        <soap:body use="literal"/>
      </output>
    </operation>
  </binding>
  <service name="ReservaService">
    <port name="ReservaWebServicePort" binding="tns:ReservaWebServicePortBinding">
      <soap:address location="http://localhost:9001/ws/reserva"/>
    </port>
  </service>
</definitions>]]></con:content><con:type>http://schemas.xmlsoap.org/wsdl/</con:type></con:part><con:part><con:url>http://localhost:9001/ws/reserva?xsd=1</con:url><con:content><![CDATA[<!--Published by XML-WS Runtime (https://github.com/eclipse-ee4j/metro-jax-ws). Runtime's version is XML-WS Runtime 4.0.3 git-revision#a57c222.-->
<xs:schema version="1.0" targetNamespace="http://webservices.soap.turismo.cibertec.com/" xmlns:tns="http://webservices.soap.turismo.cibertec.com/" xmlns:xs="http://www.w3.org/2001/XMLSchema">
  <xs:element name="actualizarEstadoReserva" type="tns:actualizarEstadoReserva"/>
  <xs:element name="actualizarEstadoReservaResponse" type="tns:actualizarEstadoReservaResponse"/>
  <xs:element name="crearReserva" type="tns:crearReserva"/>
  <xs:element name="crearReservaResponse" type="tns:crearReservaResponse"/>
  <xs:element name="listarReservasPorUsuario" type="tns:listarReservasPorUsuario"/>
  <xs:element name="listarReservasPorUsuarioResponse" type="tns:listarReservasPorUsuarioResponse"/>
  <xs:element name="obtenerReservaPorId" type="tns:obtenerReservaPorId"/>
  <xs:element name="obtenerReservaPorIdResponse" type="tns:obtenerReservaPorIdResponse"/>
  <xs:complexType name="crearReserva">
    <xs:sequence>
      <xs:element name="arg0" type="tns:reserva" minOccurs="0"/>
    </xs:sequence>
  </xs:complexType>
  <xs:complexType name="reserva">
    <xs:sequence>
      <xs:element name="destino" type="tns:destinoTuristico" minOccurs="0"/>
      <xs:element name="estado" type="xs:string" minOccurs="0"/>
      <xs:element name="fechaReserva" type="tns:localDate" minOccurs="0"/>
      <xs:element name="id" type="xs:long" minOccurs="0"/>
      <xs:element name="usuario" type="tns:usuario" minOccurs="0"/>
    </xs:sequence>
  </xs:complexType>
  <xs:complexType name="destinoTuristico">
    <xs:sequence>
      <xs:element name="descripcion" type="xs:string" minOccurs="0"/>
      <xs:element name="id" type="xs:long" minOccurs="0"/>
      <xs:element name="nombre" type="xs:string" minOccurs="0"/>
      <xs:element name="ubicacion" type="xs:string" minOccurs="0"/>
    </xs:sequence>
  </xs:complexType>
  <xs:complexType name="localDate" final="extension restriction">
    <xs:sequence/>
  </xs:complexType>
  <xs:complexType name="usuario">
    <xs:sequence>
      <xs:element name="email" type="xs:string" minOccurs="0"/>
      <xs:element name="id" type="xs:long" minOccurs="0"/>
      <xs:element name="password" type="xs:string" minOccurs="0"/>
      <xs:element name="role" type="xs:string" minOccurs="0"/>
    </xs:sequence>
  </xs:complexType>
  <xs:complexType name="crearReservaResponse">
    <xs:sequence>
      <xs:element name="return" type="tns:reserva" minOccurs="0"/>
    </xs:sequence>
  </xs:complexType>
  <xs:complexType name="actualizarEstadoReserva">
    <xs:sequence>
      <xs:element name="arg0" type="xs:long" minOccurs="0"/>
      <xs:element name="arg1" type="xs:string" minOccurs="0"/>
    </xs:sequence>
  </xs:complexType>
  <xs:complexType name="actualizarEstadoReservaResponse">
    <xs:sequence>
      <xs:element name="return" type="tns:reserva" minOccurs="0"/>
    </xs:sequence>
  </xs:complexType>
  <xs:complexType name="listarReservasPorUsuario">
    <xs:sequence>
      <xs:element name="arg0" type="xs:long" minOccurs="0"/>
    </xs:sequence>
  </xs:complexType>
  <xs:complexType name="listarReservasPorUsuarioResponse">
    <xs:sequence>
      <xs:element name="return" type="tns:reserva" minOccurs="0" maxOccurs="unbounded"/>
    </xs:sequence>
  </xs:complexType>
  <xs:complexType name="obtenerReservaPorId">
    <xs:sequence>
      <xs:element name="arg0" type="xs:long" minOccurs="0"/>
    </xs:sequence>
  </xs:complexType>
  <xs:complexType name="obtenerReservaPorIdResponse">
    <xs:sequence>
      <xs:element name="return" type="tns:reserva" minOccurs="0"/>
    </xs:sequence>
  </xs:complexType>
</xs:schema>]]></con:content><con:type>http://www.w3.org/2001/XMLSchema</con:type></con:part></con:definitionCache><con:endpoints><con:endpoint>http://localhost:9001/ws/reserva</con:endpoint></con:endpoints><con:operation id="5965e3e4-a96e-446f-84b6-49ee2136e5a5" isOneWay="false" action="" name="actualizarEstadoReserva" bindingOperationName="actualizarEstadoReserva" type="Request-Response" inputName="" receivesAttachments="false" sendsAttachments="false" anonymous="optional"><con:settings/><con:call id="b48cb003-24ad-4ea5-8fbc-17bf124c73d9" name="Request 1"><con:settings/><con:encoding>UTF-8</con:encoding><con:endpoint>http://localhost:9001/ws/reserva</con:endpoint><con:request><![CDATA[<soapenv:Envelope xmlns:soapenv="http://schemas.xmlsoap.org/soap/envelope/" xmlns:web="http://webservices.soap.turismo.cibertec.com/">\r
   <soapenv:Header/>\r
   <soapenv:Body>\r
      <web:actualizarEstadoReserva>\r
         <!--Optional:-->\r
         <arg0>?</arg0>\r
         <!--Optional:-->\r
         <arg1>?</arg1>\r
      </web:actualizarEstadoReserva>\r
   </soapenv:Body>\r
</soapenv:Envelope>]]></con:request><con:wsaConfig mustUnderstand="NONE" version="200508" action="http://webservices.soap.turismo.cibertec.com/ReservaWebService/actualizarEstadoReservaRequest"/></con:call></con:operation><con:operation id="de2d2984-43e3-4d78-98dd-604fbb4bb286" isOneWay="false" action="" name="crearReserva" bindingOperationName="crearReserva" type="Request-Response" inputName="" receivesAttachments="false" sendsAttachments="false" anonymous="optional"><con:settings/><con:call id="8b58ef88-4e14-4d77-9727-78a0ad15d263" name="Request 1"><con:settings/><con:encoding>UTF-8</con:encoding><con:endpoint>http://localhost:9001/ws/reserva</con:endpoint><con:request><![CDATA[<soapenv:Envelope xmlns:soapenv="http://schemas.xmlsoap.org/soap/envelope/" xmlns:web="http://webservices.soap.turismo.cibertec.com/">\r
   <soapenv:Header/>\r
   <soapenv:Body>\r
      <web:crearReserva>\r
         <!--Optional:-->\r
         <arg0>\r
            <!--Optional:-->\r
            <destino>\r
               <!--Optional:-->\r
               <descripcion>?</descripcion>\r
               <!--Optional:-->\r
               <id>?</id>\r
               <!--Optional:-->\r
               <nombre>?</nombre>\r
               <!--Optional:-->\r
               <ubicacion>?</ubicacion>\r
            </destino>\r
            <!--Optional:-->\r
            <estado>?</estado>\r
            <!--Optional:-->\r
            <fechaReserva/>\r
            <!--Optional:-->\r
            <id>?</id>\r
            <!--Optional:-->\r
            <usuario>\r
               <!--Optional:-->\r
               <email>?</email>\r
               <!--Optional:-->\r
               <id>?</id>\r
               <!--Optional:-->\r
               <password>?</password>\r
               <!--Optional:-->\r
               <role>?</role>\r
            </usuario>\r
         </arg0>\r
      </web:crearReserva>\r
   </soapenv:Body>\r
</soapenv:Envelope>]]></con:request><con:wsaConfig mustUnderstand="NONE" version="200508" action="http://webservices.soap.turismo.cibertec.com/ReservaWebService/crearReservaRequest"/></con:call></con:operation><con:operation id="f0fefef0-765f-4856-abb8-7ea2afe15ad6" isOneWay="false" action="" name="listarReservasPorUsuario" bindingOperationName="listarReservasPorUsuario" type="Request-Response" inputName="" receivesAttachments="false" sendsAttachments="false" anonymous="optional"><con:settings/><con:call id="ae58308e-5d3d-4dee-beeb-6302d669a3d0" name="Request 1"><con:settings><con:setting id="com.eviware.soapui.impl.wsdl.WsdlRequest@request-headers">&lt;xml-fragment/></con:setting></con:settings><con:encoding>UTF-8</con:encoding><con:endpoint>http://localhost:9001/ws/reserva</con:endpoint><con:request><![CDATA[<soapenv:Envelope xmlns:soapenv="http://schemas.xmlsoap.org/soap/envelope/" xmlns:web="http://webservices.soap.turismo.cibertec.com/">\r
   <soapenv:Header/>\r
   <soapenv:Body>\r
      <web:listarReservasPorUsuario>\r
         <!--Optional:-->\r
         <arg0>2</arg0>\r
      </web:listarReservasPorUsuario>\r
   </soapenv:Body>\r
</soapenv:Envelope>]]></con:request><con:credentials><con:authType>No Authorization</con:authType></con:credentials><con:jmsConfig JMSDeliveryMode="PERSISTENT"/><con:jmsPropertyConfig/><con:wsaConfig mustUnderstand="NONE" version="200508" action="http://webservices.soap.turismo.cibertec.com/ReservaWebService/listarReservasPorUsuarioRequest"/><con:wsrmConfig version="1.2"/></con:call></con:operation><con:operation id="90ef4ac6-edb8-45b8-b938-b510cdc4c319" isOneWay="false" action="" name="obtenerReservaPorId" bindingOperationName="obtenerReservaPorId" type="Request-Response" inputName="" receivesAttachments="false" sendsAttachments="false" anonymous="optional"><con:settings/><con:call id="96a6f6bc-68e2-4538-82f6-54eb2b33429f" name="Request 1"><con:settings><con:setting id="com.eviware.soapui.impl.wsdl.WsdlRequest@request-headers">&lt;entry key="Authorization" value="Bearer eyJhbGciOiJIUzM4NCJ9.eyJzdWIiOiJhZG1pbkBlbWFpbC5jb20iLCJpYXQiOjE3Mzk0MTc0MjQsImV4cCI6MTczOTUwMzgyNH0.H3n8SqmXxmILR8x2kWmd_AO5RldYhokCzPmya0yXl8MsUnzhDabhWq8-dKLnki23" xmlns="http://eviware.com/soapui/config"/></con:setting></con:settings><con:encoding>UTF-8</con:encoding><con:endpoint>http://localhost:9001/ws/reserva</con:endpoint><con:request><![CDATA[<soapenv:Envelope xmlns:soapenv="http://schemas.xmlsoap.org/soap/envelope/" xmlns:web="http://webservices.soap.turismo.cibertec.com/">\r
   <soapenv:Header/>\r
   <soapenv:Body>\r
      <web:obtenerReservaPorId>\r
         <!--Optional:-->\r
         <arg0>1</arg0>\r
      </web:obtenerReservaPorId>\r
   </soapenv:Body>\r
</soapenv:Envelope>]]></con:request><con:credentials><con:authType>No Authorization</con:authType></con:credentials><con:jmsConfig JMSDeliveryMode="PERSISTENT"/><con:jmsPropertyConfig/><con:wsaConfig mustUnderstand="NONE" version="200508" action="http://webservices.soap.turismo.cibertec.com/ReservaWebService/obtenerReservaPorIdRequest"/><con:wsrmConfig version="1.2"/></con:call></con:operation></con:interface><con:properties/><con:wssContainer/><con:oAuth2ProfileContainer/><con:oAuth1ProfileContainer/><con:sensitiveInformation/></con:soapui-project>