<?xml version="1.0" encoding="UTF-8"?>
<con:soapui-project id="7257fe56-b54b-46d9-9f4d-77093af1d1a5" activeEnvironment="Default" name="Proyecto_Turismo" resourceRoot="${projectDir}" soapui-version="5.8.0" abortOnError="false" runType="SEQUENTIAL" xmlns:con="http://eviware.com/soapui/config"><con:settings/><con:interface xsi:type="con:WsdlInterface" id="bb5af1b5-2c1d-4a64-9c99-48ea7f647898" wsaVersion="NONE" name="AuthWebServicePortBinding" type="wsdl" bindingName="{http://webservices.soap.turismo.cibertec.com/}AuthWebServicePortBinding" soapVersion="1_1" anonymous="optional" definition="http://localhost:9001/ws/auth?wsdl" xmlns:xsi="http://www.w3.org/2001/XMLSchema-instance"><con:settings/><con:definitionCache type="TEXT" rootPart="http://localhost:9001/ws/auth?wsdl"><con:part><con:url>http://localhost:9001/ws/auth?wsdl</con:url><con:content><![CDATA[<!--Published by XML-WS Runtime (https://github.com/eclipse-ee4j/metro-jax-ws). Runtime's version is XML-WS Runtime 4.0.3 git-revision#a57c222.-->
<!--Generated by XML-WS Runtime (https://github.com/eclipse-ee4j/metro-jax-ws). Runtime's version is XML-WS Runtime 4.0.3 git-revision#a57c222.-->
<definitions targetNamespace="http://webservices.soap.turismo.cibertec.com/" name="AuthService" xmlns:wsu="http://docs.oasis-open.org/wss/2004/01/oasis-200401-wss-wssecurity-utility-1.0.xsd" xmlns:wsp="http://www.w3.org/ns/ws-policy" xmlns:wsp1_2="http://schemas.xmlsoap.org/ws/2004/09/policy" xmlns:wsam="http://www.w3.org/2007/05/addressing/metadata" xmlns:soap="http://schemas.xmlsoap.org/wsdl/soap/" xmlns:tns="http://webservices.soap.turismo.cibertec.com/" xmlns:xsd="http://www.w3.org/2001/XMLSchema" xmlns="http://schemas.xmlsoap.org/wsdl/">
  <types>
    <xsd:schema>
      <xsd:import namespace="http://webservices.soap.turismo.cibertec.com/" schemaLocation="http://localhost:9001/ws/auth?xsd=1"/>
    </xsd:schema>
  </types>
  <message name="registrar">
    <part name="parameters" element="tns:registrar"/>
  </message>
  <message name="registrarResponse">
    <part name="parameters" element="tns:registrarResponse"/>
  </message>
  <message name="login">
    <part name="parameters" element="tns:login"/>
  </message>
  <message name="loginResponse">
    <part name="parameters" element="tns:loginResponse"/>
  </message>
  <portType name="AuthWebService">
    <operation name="registrar">
      <input wsam:Action="http://webservices.soap.turismo.cibertec.com/AuthWebService/registrarRequest" message="tns:registrar"/>
      <output wsam:Action="http://webservices.soap.turismo.cibertec.com/AuthWebService/registrarResponse" message="tns:registrarResponse"/>
    </operation>
    <operation name="login">
      <input wsam:Action="http://webservices.soap.turismo.cibertec.com/AuthWebService/loginRequest" message="tns:login"/>
      <output wsam:Action="http://webservices.soap.turismo.cibertec.com/AuthWebService/loginResponse" message="tns:loginResponse"/>
    </operation>
  </portType>
  <binding name="AuthWebServicePortBinding" type="tns:AuthWebService">
    <soap:binding transport="http://schemas.xmlsoap.org/soap/http" style="document"/>
    <operation name="registrar">
      <soap:operation soapAction=""/>
      <input>
        <soap:body use="literal"/>
      </input>
      <output>
        <soap:body use="literal"/>
      </output>
    </operation>
    <operation name="login">
      <soap:operation soapAction=""/>
      <input>
        <soap:body use="literal"/>
      </input>
      <output>
        <soap:body use="literal"/>
      </output>
    </operation>
  </binding>
  <service name="AuthService">
    <port name="AuthWebServicePort" binding="tns:AuthWebServicePortBinding">
      <soap:address location="http://localhost:9001/ws/auth"/>
    </port>
  </service>
</definitions>]]></con:content><con:type>http://schemas.xmlsoap.org/wsdl/</con:type></con:part><con:part><con:url>http://localhost:9001/ws/auth?xsd=1</con:url><con:content><![CDATA[<!--Published by XML-WS Runtime (https://github.com/eclipse-ee4j/metro-jax-ws). Runtime's version is XML-WS Runtime 4.0.3 git-revision#a57c222.-->
<xs:schema version="1.0" targetNamespace="http://webservices.soap.turismo.cibertec.com/" xmlns:tns="http://webservices.soap.turismo.cibertec.com/" xmlns:xs="http://www.w3.org/2001/XMLSchema">
  <xs:element name="Usuario" type="tns:usuario"/>
  <xs:element name="login" type="tns:login"/>
  <xs:element name="loginResponse" type="tns:loginResponse"/>
  <xs:element name="registrar" type="tns:registrar"/>
  <xs:element name="registrarResponse" type="tns:registrarResponse"/>
  <xs:complexType name="login">
    <xs:sequence>
      <xs:element name="arg0" type="xs:string" minOccurs="0"/>
      <xs:element name="arg1" type="xs:string" minOccurs="0"/>
    </xs:sequence>
  </xs:complexType>
  <xs:complexType name="loginResponse">
    <xs:sequence>
      <xs:element name="return" type="xs:string" minOccurs="0"/>
    </xs:sequence>
  </xs:complexType>
  <xs:complexType name="registrar">
    <xs:sequence>
      <xs:element name="arg0" type="tns:usuario" minOccurs="0"/>
    </xs:sequence>
  </xs:complexType>
  <xs:complexType name="usuario">
    <xs:sequence>
      <xs:element name="id" type="xs:long" minOccurs="0"/>
      <xs:element name="email" type="xs:string" minOccurs="0"/>
      <xs:element name="password" type="xs:string" minOccurs="0"/>
      <xs:element name="role" type="xs:string" minOccurs="0"/>
    </xs:sequence>
  </xs:complexType>
  <xs:complexType name="registrarResponse">
    <xs:sequence>
      <xs:element name="return" type="xs:string" minOccurs="0"/>
    </xs:sequence>
  </xs:complexType>
</xs:schema>]]></con:content><con:type>http://www.w3.org/2001/XMLSchema</con:type></con:part></con:definitionCache><con:endpoints><con:endpoint>http://localhost:9001/ws/auth</con:endpoint></con:endpoints><con:operation id="ea680433-e14b-461b-a81f-d576717b9c0f" isOneWay="false" action="" name="login" bindingOperationName="login" type="Request-Response" inputName="" receivesAttachments="false" sendsAttachments="false" anonymous="optional"><con:settings/><con:call id="3be0ca6c-a2d5-4a86-a40a-9a09cb087e0f" name="Request 1"><con:settings><con:setting id="com.eviware.soapui.impl.wsdl.WsdlRequest@request-headers">&lt;xml-fragment/></con:setting></con:settings><con:encoding>UTF-8</con:encoding><con:endpoint>http://localhost:9001/ws/auth</con:endpoint><con:request><![CDATA[<soapenv:Envelope xmlns:soapenv="http://schemas.xmlsoap.org/soap/envelope/" xmlns:web="http://webservices.soap.turismo.cibertec.com/">\r
   <soapenv:Header/>\r
   <soapenv:Body>\r
      <web:login>\r
         <!--Optional:-->\r
         <arg0>admin@email.com</arg0>\r
         <!--Optional:-->\r
         <arg1>1234</arg1>\r
      </web:login>\r
   </soapenv:Body>\r
</soapenv:Envelope>]]></con:request><con:credentials><con:authType>No Authorization</con:authType></con:credentials><con:jmsConfig JMSDeliveryMode="PERSISTENT"/><con:jmsPropertyConfig/><con:wsaConfig mustUnderstand="NONE" version="200508" action="http://webservices.soap.turismo.cibertec.com/AuthWebService/loginRequest"/><con:wsrmConfig version="1.2"/></con:call></con:operation><con:operation id="9a6c57e2-a33c-41c8-8066-67ba9dcce9d1" isOneWay="false" action="" name="registrar" bindingOperationName="registrar" type="Request-Response" inputName="" receivesAttachments="false" sendsAttachments="false" anonymous="optional"><con:settings/><con:call id="c2c76186-b9c9-4541-857d-59aa4fd8724c" name="Request 1"><con:settings><con:setting id="com.eviware.soapui.impl.wsdl.WsdlRequest@request-headers">&lt;xml-fragment/></con:setting></con:settings><con:encoding>UTF-8</con:encoding><con:endpoint>http://localhost:9001/ws/auth</con:endpoint><con:request><![CDATA[<soapenv:Envelope xmlns:soapenv="http://schemas.xmlsoap.org/soap/envelope/" xmlns:web="http://webservices.soap.turismo.cibertec.com/">\r
   <soapenv:Header/>\r
   <soapenv:Body>\r
      <web:registrar>\r
         <!--Optional:-->\r
         <arg0>\r
            <!--Optional:-->\r
            <email>aea@aea.com</email>\r
            <!--Optional:-->\r
            <password>123456</password>\r
            <!--Optional:-->\r
            <role>USER</role>\r
         </arg0>\r
      </web:registrar>\r
   </soapenv:Body>\r
</soapenv:Envelope>]]></con:request><con:credentials><con:authType>No Authorization</con:authType></con:credentials><con:jmsConfig JMSDeliveryMode="PERSISTENT"/><con:jmsPropertyConfig/><con:wsaConfig mustUnderstand="NONE" version="200508" action="http://webservices.soap.turismo.cibertec.com/AuthWebService/registrarRequest"/><con:wsrmConfig version="1.2"/></con:call></con:operation></con:interface><con:interface xsi:type="con:WsdlInterface" id="fae19b5b-9dd8-4011-9b75-ce7b1d7767d4" wsaVersion="NONE" name="UsuarioWebServicePortBinding" type="wsdl" bindingName="{http://webservices.soap.turismo.cibertec.com/}UsuarioWebServicePortBinding" soapVersion="1_1" anonymous="optional" definition="http://localhost:9001/ws/usuario?wsdl" xmlns:xsi="http://www.w3.org/2001/XMLSchema-instance"><con:settings/><con:definitionCache type="TEXT" rootPart="http://localhost:9001/ws/usuario?wsdl"><con:part><con:url>http://localhost:9001/ws/usuario?wsdl</con:url><con:content><![CDATA[<!--Published by XML-WS Runtime (https://github.com/eclipse-ee4j/metro-jax-ws). Runtime's version is XML-WS Runtime 4.0.3 git-revision#a57c222.-->
<!--Generated by XML-WS Runtime (https://github.com/eclipse-ee4j/metro-jax-ws). Runtime's version is XML-WS Runtime 4.0.3 git-revision#a57c222.-->
<definitions targetNamespace="http://webservices.soap.turismo.cibertec.com/" name="UsuarioService" xmlns:wsu="http://docs.oasis-open.org/wss/2004/01/oasis-200401-wss-wssecurity-utility-1.0.xsd" xmlns:wsp="http://www.w3.org/ns/ws-policy" xmlns:wsp1_2="http://schemas.xmlsoap.org/ws/2004/09/policy" xmlns:wsam="http://www.w3.org/2007/05/addressing/metadata" xmlns:soap="http://schemas.xmlsoap.org/wsdl/soap/" xmlns:tns="http://webservices.soap.turismo.cibertec.com/" xmlns:xsd="http://www.w3.org/2001/XMLSchema" xmlns="http://schemas.xmlsoap.org/wsdl/">
  <types>
    <xsd:schema>
      <xsd:import namespace="http://webservices.soap.turismo.cibertec.com/" schemaLocation="http://localhost:9001/ws/usuario?xsd=1"/>
    </xsd:schema>
  </types>
  <message name="obtenerUsuarioPorEmail">
    <part name="parameters" element="tns:obtenerUsuarioPorEmail"/>
  </message>
  <message name="obtenerUsuarioPorEmailResponse">
    <part name="parameters" element="tns:obtenerUsuarioPorEmailResponse"/>
  </message>
  <message name="obtenerUsuarioPorId">
    <part name="parameters" element="tns:obtenerUsuarioPorId"/>
  </message>
  <message name="obtenerUsuarioPorIdResponse">
    <part name="parameters" element="tns:obtenerUsuarioPorIdResponse"/>
  </message>
  <message name="eliminarUsuario">
    <part name="parameters" element="tns:eliminarUsuario"/>
  </message>
  <message name="eliminarUsuarioResponse">
    <part name="parameters" element="tns:eliminarUsuarioResponse"/>
  </message>
  <message name="actualizarUsuario">
    <part name="parameters" element="tns:actualizarUsuario"/>
  </message>
  <message name="actualizarUsuarioResponse">
    <part name="parameters" element="tns:actualizarUsuarioResponse"/>
  </message>
  <message name="registrarUsuario">
    <part name="parameters" element="tns:registrarUsuario"/>
  </message>
  <message name="registrarUsuarioResponse">
    <part name="parameters" element="tns:registrarUsuarioResponse"/>
  </message>
  <message name="listarUsuarios">
    <part name="parameters" element="tns:listarUsuarios"/>
  </message>
  <message name="listarUsuariosResponse">
    <part name="parameters" element="tns:listarUsuariosResponse"/>
  </message>
  <portType name="UsuarioWebService">
    <operation name="obtenerUsuarioPorEmail">
      <input wsam:Action="http://webservices.soap.turismo.cibertec.com/UsuarioWebService/obtenerUsuarioPorEmailRequest" message="tns:obtenerUsuarioPorEmail"/>
      <output wsam:Action="http://webservices.soap.turismo.cibertec.com/UsuarioWebService/obtenerUsuarioPorEmailResponse" message="tns:obtenerUsuarioPorEmailResponse"/>
    </operation>
    <operation name="obtenerUsuarioPorId">
      <input wsam:Action="http://webservices.soap.turismo.cibertec.com/UsuarioWebService/obtenerUsuarioPorIdRequest" message="tns:obtenerUsuarioPorId"/>
      <output wsam:Action="http://webservices.soap.turismo.cibertec.com/UsuarioWebService/obtenerUsuarioPorIdResponse" message="tns:obtenerUsuarioPorIdResponse"/>
    </operation>
    <operation name="eliminarUsuario">
      <input wsam:Action="http://webservices.soap.turismo.cibertec.com/UsuarioWebService/eliminarUsuarioRequest" message="tns:eliminarUsuario"/>
      <output wsam:Action="http://webservices.soap.turismo.cibertec.com/UsuarioWebService/eliminarUsuarioResponse" message="tns:eliminarUsuarioResponse"/>
    </operation>
    <operation name="actualizarUsuario">
      <input wsam:Action="http://webservices.soap.turismo.cibertec.com/UsuarioWebService/actualizarUsuarioRequest" message="tns:actualizarUsuario"/>
      <output wsam:Action="http://webservices.soap.turismo.cibertec.com/UsuarioWebService/actualizarUsuarioResponse" message="tns:actualizarUsuarioResponse"/>
    </operation>
    <operation name="registrarUsuario">
      <input wsam:Action="http://webservices.soap.turismo.cibertec.com/UsuarioWebService/registrarUsuarioRequest" message="tns:registrarUsuario"/>
      <output wsam:Action="http://webservices.soap.turismo.cibertec.com/UsuarioWebService/registrarUsuarioResponse" message="tns:registrarUsuarioResponse"/>
    </operation>
    <operation name="listarUsuarios">
      <input wsam:Action="http://webservices.soap.turismo.cibertec.com/UsuarioWebService/listarUsuariosRequest" message="tns:listarUsuarios"/>
      <output wsam:Action="http://webservices.soap.turismo.cibertec.com/UsuarioWebService/listarUsuariosResponse" message="tns:listarUsuariosResponse"/>
    </operation>
  </portType>
  <binding name="UsuarioWebServicePortBinding" type="tns:UsuarioWebService">
    <soap:binding transport="http://schemas.xmlsoap.org/soap/http" style="document"/>
    <operation name="obtenerUsuarioPorEmail">
      <soap:operation soapAction=""/>
      <input>
        <soap:body use="literal"/>
      </input>
      <output>
        <soap:body use="literal"/>
      </output>
    </operation>
    <operation name="obtenerUsuarioPorId">
      <soap:operation soapAction=""/>
      <input>
        <soap:body use="literal"/>
      </input>
      <output>
        <soap:body use="literal"/>
      </output>
    </operation>
    <operation name="eliminarUsuario">
      <soap:operation soapAction=""/>
      <input>
        <soap:body use="literal"/>
      </input>
      <output>
        <soap:body use="literal"/>
      </output>
    </operation>
    <operation name="actualizarUsuario">
      <soap:operation soapAction=""/>
      <input>
        <soap:body use="literal"/>
      </input>
      <output>
        <soap:body use="literal"/>
      </output>
    </operation>
    <operation name="registrarUsuario">
      <soap:operation soapAction=""/>
      <input>
        <soap:body use="literal"/>
      </input>
      <output>
        <soap:body use="literal"/>
      </output>
    </operation>
    <operation name="listarUsuarios">
      <soap:operation soapAction=""/>
      <input>
        <soap:body use="literal"/>
      </input>
      <output>
        <soap:body use="literal"/>
      </output>
    </operation>
  </binding>
  <service name="UsuarioService">
    <port name="UsuarioWebServicePort" binding="tns:UsuarioWebServicePortBinding">
      <soap:address location="http://localhost:9001/ws/usuario"/>
    </port>
  </service>
</definitions>]]></con:content><con:type>http://schemas.xmlsoap.org/wsdl/</con:type></con:part><con:part><con:url>http://localhost:9001/ws/usuario?xsd=1</con:url><con:content><![CDATA[<!--Published by XML-WS Runtime (https://github.com/eclipse-ee4j/metro-jax-ws). Runtime's version is XML-WS Runtime 4.0.3 git-revision#a57c222.-->
<xs:schema version="1.0" targetNamespace="http://webservices.soap.turismo.cibertec.com/" xmlns:tns="http://webservices.soap.turismo.cibertec.com/" xmlns:xs="http://www.w3.org/2001/XMLSchema">
  <xs:element name="Usuario" type="tns:usuario"/>
  <xs:element name="actualizarUsuario" type="tns:actualizarUsuario"/>
  <xs:element name="actualizarUsuarioResponse" type="tns:actualizarUsuarioResponse"/>
  <xs:element name="eliminarUsuario" type="tns:eliminarUsuario"/>
  <xs:element name="eliminarUsuarioResponse" type="tns:eliminarUsuarioResponse"/>
  <xs:element name="listarUsuarios" type="tns:listarUsuarios"/>
  <xs:element name="listarUsuariosResponse" type="tns:listarUsuariosResponse"/>
  <xs:element name="obtenerUsuarioPorEmail" type="tns:obtenerUsuarioPorEmail"/>
  <xs:element name="obtenerUsuarioPorEmailResponse" type="tns:obtenerUsuarioPorEmailResponse"/>
  <xs:element name="obtenerUsuarioPorId" type="tns:obtenerUsuarioPorId"/>
  <xs:element name="obtenerUsuarioPorIdResponse" type="tns:obtenerUsuarioPorIdResponse"/>
  <xs:element name="registrarUsuario" type="tns:registrarUsuario"/>
  <xs:element name="registrarUsuarioResponse" type="tns:registrarUsuarioResponse"/>
  <xs:element name="usuarios" type="tns:listaUsuarios"/>
  <xs:complexType name="registrarUsuario">
    <xs:sequence>
      <xs:element name="arg0" type="tns:usuario" minOccurs="0"/>
    </xs:sequence>
  </xs:complexType>
  <xs:complexType name="usuario">
    <xs:sequence>
      <xs:element name="id" type="xs:long" minOccurs="0"/>
      <xs:element name="email" type="xs:string" minOccurs="0"/>
      <xs:element name="password" type="xs:string" minOccurs="0"/>
      <xs:element name="role" type="xs:string" minOccurs="0"/>
    </xs:sequence>
  </xs:complexType>
  <xs:complexType name="registrarUsuarioResponse">
    <xs:sequence>
      <xs:element name="return" type="xs:string" minOccurs="0"/>
    </xs:sequence>
  </xs:complexType>
  <xs:complexType name="actualizarUsuario">
    <xs:sequence>
      <xs:element name="arg0" type="xs:long" minOccurs="0"/>
      <xs:element name="arg1" type="tns:usuario" minOccurs="0"/>
    </xs:sequence>
  </xs:complexType>
  <xs:complexType name="actualizarUsuarioResponse">
    <xs:sequence>
      <xs:element name="return" type="xs:string" minOccurs="0"/>
    </xs:sequence>
  </xs:complexType>
  <xs:complexType name="obtenerUsuarioPorEmail">
    <xs:sequence>
      <xs:element name="arg0" type="xs:string" minOccurs="0"/>
    </xs:sequence>
  </xs:complexType>
  <xs:complexType name="obtenerUsuarioPorEmailResponse">
    <xs:sequence>
      <xs:element name="return" type="tns:usuario" minOccurs="0"/>
    </xs:sequence>
  </xs:complexType>
  <xs:complexType name="listarUsuarios">
    <xs:sequence/>
  </xs:complexType>
  <xs:complexType name="listarUsuariosResponse">
    <xs:sequence>
      <xs:element name="return" type="tns:listaUsuarios" minOccurs="0"/>
    </xs:sequence>
  </xs:complexType>
  <xs:complexType name="listaUsuarios">
    <xs:sequence>
      <xs:element name="usuario" type="tns:usuario" minOccurs="0" maxOccurs="unbounded"/>
    </xs:sequence>
  </xs:complexType>
  <xs:complexType name="obtenerUsuarioPorId">
    <xs:sequence>
      <xs:element name="arg0" type="xs:long" minOccurs="0"/>
    </xs:sequence>
  </xs:complexType>
  <xs:complexType name="obtenerUsuarioPorIdResponse">
    <xs:sequence>
      <xs:element name="return" type="tns:usuario" minOccurs="0"/>
    </xs:sequence>
  </xs:complexType>
  <xs:complexType name="eliminarUsuario">
    <xs:sequence>
      <xs:element name="arg0" type="xs:long" minOccurs="0"/>
    </xs:sequence>
  </xs:complexType>
  <xs:complexType name="eliminarUsuarioResponse">
    <xs:sequence>
      <xs:element name="return" type="xs:string" minOccurs="0"/>
    </xs:sequence>
  </xs:complexType>
</xs:schema>]]></con:content><con:type>http://www.w3.org/2001/XMLSchema</con:type></con:part></con:definitionCache><con:endpoints><con:endpoint>http://localhost:9001/ws/usuario</con:endpoint></con:endpoints><con:operation id="ab91ff99-7825-4f00-9b99-9b143dc17c90" isOneWay="false" action="" name="actualizarUsuario" bindingOperationName="actualizarUsuario" type="Request-Response" inputName="" receivesAttachments="false" sendsAttachments="false" anonymous="optional"><con:settings/><con:call id="a5d306e4-28a9-49f0-918a-82dde90d805d" name="Request 1"><con:settings><con:setting id="com.eviware.soapui.impl.wsdl.WsdlRequest@request-headers">&lt;xml-fragment/></con:setting></con:settings><con:encoding>UTF-8</con:encoding><con:endpoint>http://localhost:9001/ws/usuario</con:endpoint><con:request><![CDATA[<soapenv:Envelope xmlns:soapenv="http://schemas.xmlsoap.org/soap/envelope/" 
xmlns:web="http://webservices.soap.turismo.cibertec.com/"
xmlns:auth="http://security.turismo.cibertec.com/">
   <soapenv:Header>
      <auth:token>Bearer <Token generado al loguearte></auth:token>
   </soapenv:Header>
   <soapenv:Body>\r
      <web:actualizarUsuario>\r
         <arg0>?</arg0>\r
         <arg1>\r
            <email>italo_encarnacion@gmail.com</email>\r
            <password>italo1234</password>\r
            <role>ADMIN</role>\r
         </arg1>\r
      </web:actualizarUsuario>\r
   </soapenv:Body>\r
</soapenv:Envelope>]]></con:request><con:credentials><con:authType>No Authorization</con:authType></con:credentials><con:jmsConfig JMSDeliveryMode="PERSISTENT"/><con:jmsPropertyConfig/><con:wsaConfig mustUnderstand="NONE" version="200508" action="http://webservices.soap.turismo.cibertec.com/UsuarioWebService/actualizarUsuarioRequest"/><con:wsrmConfig version="1.2"/></con:call></con:operation><con:operation id="f8af4013-e1be-4dd9-a2bc-9bd51f33b38e" isOneWay="false" action="" name="eliminarUsuario" bindingOperationName="eliminarUsuario" type="Request-Response" inputName="" receivesAttachments="false" sendsAttachments="false" anonymous="optional"><con:settings/><con:call id="5b7bfd38-76a2-4cd2-95ab-a731852fff79" name="Request 1"><con:settings><con:setting id="com.eviware.soapui.impl.wsdl.WsdlRequest@request-headers">&lt;xml-fragment/></con:setting></con:settings><con:encoding>UTF-8</con:encoding><con:endpoint>http://localhost:9001/ws/usuario</con:endpoint><con:request><![CDATA[<soapenv:Envelope xmlns:soapenv="http://schemas.xmlsoap.org/soap/envelope/" 
xmlns:web="http://webservices.soap.turismo.cibertec.com/"
xmlns:auth="http://security.turismo.cibertec.com/">
   <soapenv:Header>
      <auth:token>Bearer <Token generado al loguearte></auth:token>
   </soapenv:Header>
   <soapenv:Body>\r
      <web:eliminarUsuario>\r
         <arg0>12</arg0>\r
      </web:eliminarUsuario>\r
   </soapenv:Body>\r
</soapenv:Envelope>]]></con:request><con:credentials><con:authType>No Authorization</con:authType></con:credentials><con:jmsConfig JMSDeliveryMode="PERSISTENT"/><con:jmsPropertyConfig/><con:wsaConfig mustUnderstand="NONE" version="200508" action="http://webservices.soap.turismo.cibertec.com/UsuarioWebService/eliminarUsuarioRequest"/><con:wsrmConfig version="1.2"/></con:call></con:operation><con:operation id="71bdbbaa-ec70-46ce-b34b-38722a80d183" isOneWay="false" action="" name="listarUsuarios" bindingOperationName="listarUsuarios" type="Request-Response" inputName="" receivesAttachments="false" sendsAttachments="false" anonymous="optional"><con:settings/><con:call id="260ba82c-4b11-4029-b68c-4b5fc0d7af51" name="Request 1"><con:settings><con:setting id="com.eviware.soapui.impl.wsdl.WsdlRequest@request-headers">&lt;xml-fragment/></con:setting></con:settings><con:encoding>UTF-8</con:encoding><con:endpoint>http://localhost:9001/ws/usuario</con:endpoint><con:request><![CDATA[<soapenv:Envelope xmlns:soapenv="http://schemas.xmlsoap.org/soap/envelope/" 
xmlns:web="http://webservices.soap.turismo.cibertec.com/"
xmlns:auth="http://security.turismo.cibertec.com/">
   <soapenv:Header>
      <auth:token>Bearer <Token generado al loguearte></auth:token>
   </soapenv:Header>
   <soapenv:Body>\r
      <web:listarUsuarios/>\r
   </soapenv:Body>\r
</soapenv:Envelope>]]></con:request><con:credentials><con:authType>No Authorization</con:authType></con:credentials><con:jmsConfig JMSDeliveryMode="PERSISTENT"/><con:jmsPropertyConfig/><con:wsaConfig mustUnderstand="NONE" version="200508" action="http://webservices.soap.turismo.cibertec.com/UsuarioWebService/listarUsuariosRequest"/><con:wsrmConfig version="1.2"/></con:call></con:operation><con:operation id="bbc0061d-5653-4556-b9c7-a06316cb8143" isOneWay="false" action="" name="obtenerUsuarioPorEmail" bindingOperationName="obtenerUsuarioPorEmail" type="Request-Response" inputName="" receivesAttachments="false" sendsAttachments="false" anonymous="optional"><con:settings/><con:call id="fad0821c-9181-4f02-9697-297317a1b093" name="Request 1"><con:settings><con:setting id="com.eviware.soapui.impl.wsdl.WsdlRequest@request-headers">&lt;xml-fragment/></con:setting></con:settings><con:encoding>UTF-8</con:encoding><con:endpoint>http://localhost:9001/ws/usuario</con:endpoint><con:request><![CDATA[<soapenv:Envelope xmlns:soapenv="http://schemas.xmlsoap.org/soap/envelope/" 
xmlns:web="http://webservices.soap.turismo.cibertec.com/"
xmlns:auth="http://security.turismo.cibertec.com/">
   <soapenv:Header>
      <auth:token>Bearer <Token generado al loguearte></auth:token>
   </soapenv:Header>
   <soapenv:Body>\r
      <web:obtenerUsuarioPorEmail>\r
         <arg0>italo@gmail.com</arg0>\r
      </web:obtenerUsuarioPorEmail>\r
   </soapenv:Body>\r
</soapenv:Envelope>]]></con:request><con:credentials><con:authType>No Authorization</con:authType></con:credentials><con:jmsConfig JMSDeliveryMode="PERSISTENT"/><con:jmsPropertyConfig/><con:wsaConfig mustUnderstand="NONE" version="200508" action="http://webservices.soap.turismo.cibertec.com/UsuarioWebService/obtenerUsuarioPorEmailRequest"/><con:wsrmConfig version="1.2"/></con:call></con:operation><con:operation id="7c5636da-d8ea-4676-aae3-a76105e89d0e" isOneWay="false" action="" name="obtenerUsuarioPorId" bindingOperationName="obtenerUsuarioPorId" type="Request-Response" inputName="" receivesAttachments="false" sendsAttachments="false" anonymous="optional"><con:settings/><con:call id="cf1d2c94-5bf3-4c50-aa28-c6dfecfc630d" name="Request 1"><con:settings><con:setting id="com.eviware.soapui.impl.wsdl.WsdlRequest@request-headers">&lt;xml-fragment/></con:setting></con:settings><con:encoding>UTF-8</con:encoding><con:endpoint>http://localhost:9001/ws/usuario</con:endpoint><con:request><![CDATA[<soapenv:Envelope xmlns:soapenv="http://schemas.xmlsoap.org/soap/envelope/" 
xmlns:web="http://webservices.soap.turismo.cibertec.com/"
xmlns:auth="http://security.turismo.cibertec.com/">
   <soapenv:Header>
      <auth:token>Bearer <Token generado al loguearte></auth:token>
   </soapenv:Header>
   <soapenv:Body>\r
      <web:obtenerUsuarioPorId>\r
         <arg0>1</arg0>\r
      </web:obtenerUsuarioPorId>\r
   </soapenv:Body>\r
</soapenv:Envelope>]]></con:request><con:credentials><con:authType>No Authorization</con:authType></con:credentials><con:jmsConfig JMSDeliveryMode="PERSISTENT"/><con:jmsPropertyConfig/><con:wsaConfig mustUnderstand="NONE" version="200508" action="http://webservices.soap.turismo.cibertec.com/UsuarioWebService/obtenerUsuarioPorIdRequest"/><con:wsrmConfig version="1.2"/></con:call></con:operation><con:operation id="957d7d4e-8f5d-4322-9c4c-ceeddecbb8e4" isOneWay="false" action="" name="registrarUsuario" bindingOperationName="registrarUsuario" type="Request-Response" inputName="" receivesAttachments="false" sendsAttachments="false" anonymous="optional"><con:settings/><con:call id="061d336c-fc22-460b-a372-9a67b6fb58c7" name="Request 1"><con:settings><con:setting id="com.eviware.soapui.impl.wsdl.WsdlRequest@request-headers">&lt;xml-fragment/></con:setting></con:settings><con:encoding>UTF-8</con:encoding><con:endpoint>http://localhost:9001/ws/usuario</con:endpoint><con:request><![CDATA[<soapenv:Envelope xmlns:soapenv="http://schemas.xmlsoap.org/soap/envelope/" 
xmlns:web="http://webservices.soap.turismo.cibertec.com/"
xmlns:auth="http://security.turismo.cibertec.com/">
   <soapenv:Header>
      <auth:token>Bearer <Token generado al loguearte></auth:token>
   </soapenv:Header>
   <soapenv:Body>\r
      <web:registrarUsuario>\r
         <arg0>\r
            <nombre>Italo Encarnacion</nombre>
            <email>Italo@gmail.com</email>
            <password>123456</password>
            <role>ADMIN</role>
         </arg0>\r
      </web:registrarUsuario>\r
   </soapenv:Body>\r
</soapenv:Envelope>]]></con:request><con:credentials><con:authType>No Authorization</con:authType></con:credentials><con:jmsConfig JMSDeliveryMode="PERSISTENT"/><con:jmsPropertyConfig/><con:wsaConfig mustUnderstand="NONE" version="200508" action="http://webservices.soap.turismo.cibertec.com/UsuarioWebService/registrarUsuarioRequest"/><con:wsrmConfig version="1.2"/></con:call></con:operation></con:interface><con:interface xsi:type="con:WsdlInterface" id="d45467c5-7841-4076-8cc6-ad3bda5a5fb0" wsaVersion="NONE" name="DestinoTuristicoWebServicePortBinding" type="wsdl" bindingName="{http://webservices.soap.turismo.cibertec.com/}DestinoTuristicoWebServicePortBinding" soapVersion="1_1" anonymous="optional" definition="http://localhost:9001/ws/destino?wsdl" xmlns:xsi="http://www.w3.org/2001/XMLSchema-instance"><con:settings/><con:definitionCache type="TEXT" rootPart="http://localhost:9001/ws/destino?wsdl"><con:part><con:url>http://localhost:9001/ws/destino?wsdl</con:url><con:content><![CDATA[<!--Published by XML-WS Runtime (https://github.com/eclipse-ee4j/metro-jax-ws). Runtime's version is XML-WS Runtime 4.0.3 git-revision#a57c222.-->
<!--Generated by XML-WS Runtime (https://github.com/eclipse-ee4j/metro-jax-ws). Runtime's version is XML-WS Runtime 4.0.3 git-revision#a57c222.-->
<definitions targetNamespace="http://webservices.soap.turismo.cibertec.com/" name="DestinoTuristicoService" xmlns:wsu="http://docs.oasis-open.org/wss/2004/01/oasis-200401-wss-wssecurity-utility-1.0.xsd" xmlns:wsp="http://www.w3.org/ns/ws-policy" xmlns:wsp1_2="http://schemas.xmlsoap.org/ws/2004/09/policy" xmlns:wsam="http://www.w3.org/2007/05/addressing/metadata" xmlns:soap="http://schemas.xmlsoap.org/wsdl/soap/" xmlns:tns="http://webservices.soap.turismo.cibertec.com/" xmlns:xsd="http://www.w3.org/2001/XMLSchema" xmlns="http://schemas.xmlsoap.org/wsdl/">
  <types>
    <xsd:schema>
      <xsd:import namespace="http://webservices.soap.turismo.cibertec.com/" schemaLocation="http://localhost:9001/ws/destino?xsd=1"/>
    </xsd:schema>
  </types>
  <message name="obtenerDestinoPorId">
    <part name="parameters" element="tns:obtenerDestinoPorId"/>
  </message>
  <message name="obtenerDestinoPorIdResponse">
    <part name="parameters" element="tns:obtenerDestinoPorIdResponse"/>
  </message>
  <message name="listarDestinos">
    <part name="parameters" element="tns:listarDestinos"/>
  </message>
  <message name="listarDestinosResponse">
    <part name="parameters" element="tns:listarDestinosResponse"/>
  </message>
  <message name="actualizarDestino">
    <part name="parameters" element="tns:actualizarDestino"/>
  </message>
  <message name="actualizarDestinoResponse">
    <part name="parameters" element="tns:actualizarDestinoResponse"/>
  </message>
  <message name="crearDestino">
    <part name="parameters" element="tns:crearDestino"/>
  </message>
  <message name="crearDestinoResponse">
    <part name="parameters" element="tns:crearDestinoResponse"/>
  </message>
  <message name="eliminarDestino">
    <part name="parameters" element="tns:eliminarDestino"/>
  </message>
  <message name="eliminarDestinoResponse">
    <part name="parameters" element="tns:eliminarDestinoResponse"/>
  </message>
  <message name="buscarPorNombre">
    <part name="parameters" element="tns:buscarPorNombre"/>
  </message>
  <message name="buscarPorNombreResponse">
    <part name="parameters" element="tns:buscarPorNombreResponse"/>
  </message>
  <portType name="DestinoTuristicoWebService">
    <operation name="obtenerDestinoPorId">
      <input wsam:Action="http://webservices.soap.turismo.cibertec.com/DestinoTuristicoWebService/obtenerDestinoPorIdRequest" message="tns:obtenerDestinoPorId"/>
      <output wsam:Action="http://webservices.soap.turismo.cibertec.com/DestinoTuristicoWebService/obtenerDestinoPorIdResponse" message="tns:obtenerDestinoPorIdResponse"/>
    </operation>
    <operation name="listarDestinos">
      <input wsam:Action="http://webservices.soap.turismo.cibertec.com/DestinoTuristicoWebService/listarDestinosRequest" message="tns:listarDestinos"/>
      <output wsam:Action="http://webservices.soap.turismo.cibertec.com/DestinoTuristicoWebService/listarDestinosResponse" message="tns:listarDestinosResponse"/>
    </operation>
    <operation name="actualizarDestino">
      <input wsam:Action="http://webservices.soap.turismo.cibertec.com/DestinoTuristicoWebService/actualizarDestinoRequest" message="tns:actualizarDestino"/>
      <output wsam:Action="http://webservices.soap.turismo.cibertec.com/DestinoTuristicoWebService/actualizarDestinoResponse" message="tns:actualizarDestinoResponse"/>
    </operation>
    <operation name="crearDestino">
      <input wsam:Action="http://webservices.soap.turismo.cibertec.com/DestinoTuristicoWebService/crearDestinoRequest" message="tns:crearDestino"/>
      <output wsam:Action="http://webservices.soap.turismo.cibertec.com/DestinoTuristicoWebService/crearDestinoResponse" message="tns:crearDestinoResponse"/>
    </operation>
    <operation name="eliminarDestino">
      <input wsam:Action="http://webservices.soap.turismo.cibertec.com/DestinoTuristicoWebService/eliminarDestinoRequest" message="tns:eliminarDestino"/>
      <output wsam:Action="http://webservices.soap.turismo.cibertec.com/DestinoTuristicoWebService/eliminarDestinoResponse" message="tns:eliminarDestinoResponse"/>
    </operation>
    <operation name="buscarPorNombre">
      <input wsam:Action="http://webservices.soap.turismo.cibertec.com/DestinoTuristicoWebService/buscarPorNombreRequest" message="tns:buscarPorNombre"/>
      <output wsam:Action="http://webservices.soap.turismo.cibertec.com/DestinoTuristicoWebService/buscarPorNombreResponse" message="tns:buscarPorNombreResponse"/>
    </operation>
  </portType>
  <binding name="DestinoTuristicoWebServicePortBinding" type="tns:DestinoTuristicoWebService">
    <soap:binding transport="http://schemas.xmlsoap.org/soap/http" style="document"/>
    <operation name="obtenerDestinoPorId">
      <soap:operation soapAction=""/>
      <input>
        <soap:body use="literal"/>
      </input>
      <output>
        <soap:body use="literal"/>
      </output>
    </operation>
    <operation name="listarDestinos">
      <soap:operation soapAction=""/>
      <input>
        <soap:body use="literal"/>
      </input>
      <output>
        <soap:body use="literal"/>
      </output>
    </operation>
    <operation name="actualizarDestino">
      <soap:operation soapAction=""/>
      <input>
        <soap:body use="literal"/>
      </input>
      <output>
        <soap:body use="literal"/>
      </output>
    </operation>
    <operation name="crearDestino">
      <soap:operation soapAction=""/>
      <input>
        <soap:body use="literal"/>
      </input>
      <output>
        <soap:body use="literal"/>
      </output>
    </operation>
    <operation name="eliminarDestino">
      <soap:operation soapAction=""/>
      <input>
        <soap:body use="literal"/>
      </input>
      <output>
        <soap:body use="literal"/>
      </output>
    </operation>
    <operation name="buscarPorNombre">
      <soap:operation soapAction=""/>
      <input>
        <soap:body use="literal"/>
      </input>
      <output>
        <soap:body use="literal"/>
      </output>
    </operation>
  </binding>
  <service name="DestinoTuristicoService">
    <port name="DestinoTuristicoWebServicePort" binding="tns:DestinoTuristicoWebServicePortBinding">
      <soap:address location="http://localhost:9001/ws/destino"/>
    </port>
  </service>
</definitions>]]></con:content><con:type>http://schemas.xmlsoap.org/wsdl/</con:type></con:part><con:part><con:url>http://localhost:9001/ws/destino?xsd=1</con:url><con:content><![CDATA[<!--Published by XML-WS Runtime (https://github.com/eclipse-ee4j/metro-jax-ws). Runtime's version is XML-WS Runtime 4.0.3 git-revision#a57c222.-->
<xs:schema version="1.0" targetNamespace="http://webservices.soap.turismo.cibertec.com/" xmlns:tns="http://webservices.soap.turismo.cibertec.com/" xmlns:xs="http://www.w3.org/2001/XMLSchema">
  <xs:element name="actualizarDestino" type="tns:actualizarDestino"/>
  <xs:element name="actualizarDestinoResponse" type="tns:actualizarDestinoResponse"/>
  <xs:element name="buscarPorNombre" type="tns:buscarPorNombre"/>
  <xs:element name="buscarPorNombreResponse" type="tns:buscarPorNombreResponse"/>
  <xs:element name="crearDestino" type="tns:crearDestino"/>
  <xs:element name="crearDestinoResponse" type="tns:crearDestinoResponse"/>
  <xs:element name="destinoTuristico" type="tns:destinoTuristico"/>
  <xs:element name="destinosTuristicos" type="tns:listaDestinos"/>
  <xs:element name="eliminarDestino" type="tns:eliminarDestino"/>
  <xs:element name="eliminarDestinoResponse" type="tns:eliminarDestinoResponse"/>
  <xs:element name="listarDestinos" type="tns:listarDestinos"/>
  <xs:element name="listarDestinosResponse" type="tns:listarDestinosResponse"/>
  <xs:element name="obtenerDestinoPorId" type="tns:obtenerDestinoPorId"/>
  <xs:element name="obtenerDestinoPorIdResponse" type="tns:obtenerDestinoPorIdResponse"/>
  <xs:complexType name="actualizarDestino">
    <xs:sequence>
      <xs:element name="arg0" type="xs:long" minOccurs="0"/>
      <xs:element name="arg1" type="tns:destinoTuristico" minOccurs="0"/>
    </xs:sequence>
  </xs:complexType>
  <xs:complexType name="destinoTuristico">
    <xs:sequence>
      <xs:element name="id" type="xs:long" minOccurs="0"/>
      <xs:element name="nombre" type="xs:string" minOccurs="0"/>
      <xs:element name="descripcion" type="xs:string" minOccurs="0"/>
      <xs:element name="ubicacion" type="xs:string" minOccurs="0"/>
    </xs:sequence>
  </xs:complexType>
  <xs:complexType name="actualizarDestinoResponse">
    <xs:sequence>
      <xs:element name="return" type="xs:string" minOccurs="0"/>
    </xs:sequence>
  </xs:complexType>
  <xs:complexType name="listarDestinos">
    <xs:sequence/>
  </xs:complexType>
  <xs:complexType name="listarDestinosResponse">
    <xs:sequence>
      <xs:element name="return" type="tns:listaDestinos" minOccurs="0"/>
    </xs:sequence>
  </xs:complexType>
  <xs:complexType name="listaDestinos">
    <xs:sequence>
      <xs:element name="destinoTuristico" type="tns:destinoTuristico" minOccurs="0" maxOccurs="unbounded"/>
    </xs:sequence>
  </xs:complexType>
  <xs:complexType name="eliminarDestino">
    <xs:sequence>
      <xs:element name="arg0" type="xs:long" minOccurs="0"/>
    </xs:sequence>
  </xs:complexType>
  <xs:complexType name="eliminarDestinoResponse">
    <xs:sequence>
      <xs:element name="return" type="xs:string" minOccurs="0"/>
    </xs:sequence>
  </xs:complexType>
  <xs:complexType name="obtenerDestinoPorId">
    <xs:sequence>
      <xs:element name="arg0" type="xs:long" minOccurs="0"/>
    </xs:sequence>
  </xs:complexType>
  <xs:complexType name="obtenerDestinoPorIdResponse">
    <xs:sequence>
      <xs:element name="return" type="tns:destinoTuristico" minOccurs="0"/>
    </xs:sequence>
  </xs:complexType>
  <xs:complexType name="crearDestino">
    <xs:sequence>
      <xs:element name="arg0" type="tns:destinoTuristico" minOccurs="0"/>
    </xs:sequence>
  </xs:complexType>
  <xs:complexType name="crearDestinoResponse">
    <xs:sequence>
      <xs:element name="return" type="xs:string" minOccurs="0"/>
    </xs:sequence>
  </xs:complexType>
  <xs:complexType name="buscarPorNombre">
    <xs:sequence>
      <xs:element name="arg0" type="xs:string" minOccurs="0"/>
    </xs:sequence>
  </xs:complexType>
  <xs:complexType name="buscarPorNombreResponse">
    <xs:sequence>
      <xs:element name="return" type="tns:listaDestinos" minOccurs="0"/>
    </xs:sequence>
  </xs:complexType>
</xs:schema>]]></con:content><con:type>http://www.w3.org/2001/XMLSchema</con:type></con:part></con:definitionCache><con:endpoints><con:endpoint>http://localhost:9001/ws/destino</con:endpoint></con:endpoints><con:operation id="b45a67de-cd44-4863-96ab-780aa1109818" isOneWay="false" action="" name="actualizarDestino" bindingOperationName="actualizarDestino" type="Request-Response" inputName="" receivesAttachments="false" sendsAttachments="false" anonymous="optional"><con:settings/><con:call id="70af7a4b-11bb-4526-83a1-52cb1fafa8a6" name="Request 1"><con:settings><con:setting id="com.eviware.soapui.impl.wsdl.WsdlRequest@request-headers">&lt;xml-fragment/></con:setting></con:settings><con:encoding>UTF-8</con:encoding><con:endpoint>http://localhost:9001/ws/destino</con:endpoint><con:request><![CDATA[<soapenv:Envelope xmlns:soapenv="http://schemas.xmlsoap.org/soap/envelope/" 
xmlns:web="http://webservices.soap.turismo.cibertec.com/"
xmlns:auth="http://security.turismo.cibertec.com/">
   <soapenv:Header>
      <auth:token>Bearer <Token generado al loguearte></auth:token>
   </soapenv:Header>
   <soapenv:Body>\r
      <web:actualizarDestino>\r
         <arg0>1</arg0>\r
         <arg1>\r
            <nombre>Playa Paraíso</nombre>
            <descripcion>Hermosa playa con arena blanca y agua cristalina</descripcion>
            <ubicacion>Caribe</ubicacion>
         </arg1>\r
      </web:actualizarDestino>\r
   </soapenv:Body>\r
</soapenv:Envelope>]]></con:request><con:credentials><con:authType>No Authorization</con:authType></con:credentials><con:jmsConfig JMSDeliveryMode="PERSISTENT"/><con:jmsPropertyConfig/><con:wsaConfig mustUnderstand="NONE" version="200508" action="http://webservices.soap.turismo.cibertec.com/DestinoTuristicoWebService/actualizarDestinoRequest"/><con:wsrmConfig version="1.2"/></con:call></con:operation><con:operation id="e023629e-0b91-47e2-9b61-3527a7f9426d" isOneWay="false" action="" name="buscarPorNombre" bindingOperationName="buscarPorNombre" type="Request-Response" inputName="" receivesAttachments="false" sendsAttachments="false" anonymous="optional"><con:settings/><con:call id="b6d7f85d-f7ac-49a3-b53a-1b07fc7ca3d5" name="Request 1"><con:settings><con:setting id="com.eviware.soapui.impl.wsdl.WsdlRequest@request-headers">&lt;xml-fragment/></con:setting></con:settings><con:encoding>UTF-8</con:encoding><con:endpoint>http://localhost:9001/ws/destino</con:endpoint><con:request><![CDATA[<soapenv:Envelope xmlns:soapenv="http://schemas.xmlsoap.org/soap/envelope/" 
xmlns:web="http://webservices.soap.turismo.cibertec.com/"
xmlns:auth="http://security.turismo.cibertec.com/">
   <soapenv:Header>
      <auth:token>Bearer Token generado al loguearte</auth:token>
   </soapenv:Header>
   <soapenv:Body>\r
      <web:buscarPorNombre>\r
         <!--Optional:-->\r
         <arg0>?</arg0>\r
      </web:buscarPorNombre>\r
   </soapenv:Body>\r
</soapenv:Envelope>]]></con:request><con:credentials><con:authType>No Authorization</con:authType></con:credentials><con:jmsConfig JMSDeliveryMode="PERSISTENT"/><con:jmsPropertyConfig/><con:wsaConfig mustUnderstand="NONE" version="200508" action="http://webservices.soap.turismo.cibertec.com/DestinoTuristicoWebService/buscarPorNombreRequest"/><con:wsrmConfig version="1.2"/></con:call></con:operation><con:operation id="183b25df-cfaa-4a40-a9e0-2a535683c588" isOneWay="false" action="" name="crearDestino" bindingOperationName="crearDestino" type="Request-Response" inputName="" receivesAttachments="false" sendsAttachments="false" anonymous="optional"><con:settings/><con:call id="2b7385ae-89b5-4718-964a-7dfbf3d524d8" name="Request 1"><con:settings><con:setting id="com.eviware.soapui.impl.wsdl.WsdlRequest@request-headers">&lt;xml-fragment/></con:setting></con:settings><con:encoding>UTF-8</con:encoding><con:endpoint>http://localhost:9001/ws/destino</con:endpoint><con:request><![CDATA[<soapenv:Envelope xmlns:soapenv="http://schemas.xmlsoap.org/soap/envelope/" 
xmlns:web="http://webservices.soap.turismo.cibertec.com/"
xmlns:auth="http://security.turismo.cibertec.com/">
   <soapenv:Header>
      <auth:token>Bearer <Token generado al loguearte></auth:token>
   </soapenv:Header>
   <soapenv:Body>\r
      <web:crearDestino>\r
         <arg0>\r
            <nombre>Playa Paraíso</nombre>
            <descripcion>Hermosa playa con arena blanca y agua cristalina</descripcion>
            <ubicacion>Caribe</ubicacion>
         </arg0>\r
      </web:crearDestino>\r
   </soapenv:Body>\r
</soapenv:Envelope>]]></con:request><con:credentials><con:authType>No Authorization</con:authType></con:credentials><con:jmsConfig JMSDeliveryMode="PERSISTENT"/><con:jmsPropertyConfig/><con:wsaConfig mustUnderstand="NONE" version="200508" action="http://webservices.soap.turismo.cibertec.com/DestinoTuristicoWebService/crearDestinoRequest"/><con:wsrmConfig version="1.2"/></con:call></con:operation><con:operation id="6e0eed77-6733-447e-bf1f-1408a680b11f" isOneWay="false" action="" name="eliminarDestino" bindingOperationName="eliminarDestino" type="Request-Response" inputName="" receivesAttachments="false" sendsAttachments="false" anonymous="optional"><con:settings/><con:call id="56816798-0b9f-49ea-9965-aa32465264da" name="Request 1"><con:settings><con:setting id="com.eviware.soapui.impl.wsdl.WsdlRequest@request-headers">&lt;xml-fragment/></con:setting></con:settings><con:encoding>UTF-8</con:encoding><con:endpoint>http://localhost:9001/ws/destino</con:endpoint><con:request><![CDATA[<soapenv:Envelope xmlns:soapenv="http://schemas.xmlsoap.org/soap/envelope/" 
xmlns:web="http://webservices.soap.turismo.cibertec.com/"
xmlns:auth="http://security.turismo.cibertec.com/">
   <soapenv:Header>
      <auth:token>Bearer <Token generado al loguearte></auth:token>
   </soapenv:Header>
   <soapenv:Body>\r
      <web:eliminarDestino>\r
         <arg0>?</arg0>\r
      </web:eliminarDestino>\r
   </soapenv:Body>\r
</soapenv:Envelope>]]></con:request><con:credentials><con:authType>No Authorization</con:authType></con:credentials><con:jmsConfig JMSDeliveryMode="PERSISTENT"/><con:jmsPropertyConfig/><con:wsaConfig mustUnderstand="NONE" version="200508" action="http://webservices.soap.turismo.cibertec.com/DestinoTuristicoWebService/eliminarDestinoRequest"/><con:wsrmConfig version="1.2"/></con:call></con:operation><con:operation id="8ff2295b-c0b6-4d3c-879e-e20a89075052" isOneWay="false" action="" name="listarDestinos" bindingOperationName="listarDestinos" type="Request-Response" inputName="" receivesAttachments="false" sendsAttachments="false" anonymous="optional"><con:settings/><con:call id="6f3778a6-c69d-479c-97b4-b19d5d6ca736" name="Request 1"><con:settings><con:setting id="com.eviware.soapui.impl.wsdl.WsdlRequest@request-headers">&lt;xml-fragment/></con:setting></con:settings><con:encoding>UTF-8</con:encoding><con:endpoint>http://localhost:9001/ws/destino</con:endpoint><con:request><![CDATA[<soapenv:Envelope xmlns:soapenv="http://schemas.xmlsoap.org/soap/envelope/"
xmlns:web="http://webservices.soap.turismo.cibertec.com/"
xmlns:auth="http://security.turismo.cibertec.com/">
   <soapenv:Header>
      <auth:token>Bearer <Token generado al loguearte></auth:token>
   </soapenv:Header>
   <soapenv:Body>\r
      <web:listarDestinos/>\r
   </soapenv:Body>\r
</soapenv:Envelope>]]></con:request><con:credentials><con:authType>No Authorization</con:authType></con:credentials><con:jmsConfig JMSDeliveryMode="PERSISTENT"/><con:jmsPropertyConfig/><con:wsaConfig mustUnderstand="NONE" version="200508" action="http://webservices.soap.turismo.cibertec.com/DestinoTuristicoWebService/listarDestinosRequest"/><con:wsrmConfig version="1.2"/></con:call></con:operation><con:operation id="a82f8212-3b0a-4462-bacc-160986b79f70" isOneWay="false" action="" name="obtenerDestinoPorId" bindingOperationName="obtenerDestinoPorId" type="Request-Response" inputName="" receivesAttachments="false" sendsAttachments="false" anonymous="optional"><con:settings/><con:call id="45d1f02e-f8b9-4bc1-84d6-959f0115d4da" name="Request 1"><con:settings><con:setting id="com.eviware.soapui.impl.wsdl.WsdlRequest@request-headers">&lt;xml-fragment/></con:setting></con:settings><con:encoding>UTF-8</con:encoding><con:endpoint>http://localhost:9001/ws/destino</con:endpoint><con:request><![CDATA[<soapenv:Envelope xmlns:soapenv="http://schemas.xmlsoap.org/soap/envelope/" 
xmlns:web="http://webservices.soap.turismo.cibertec.com/"
xmlns:auth="http://security.turismo.cibertec.com/">
   <soapenv:Header>
      <auth:token>Bearer <Token generado al loguearte></auth:token>
   </soapenv:Header>
   <soapenv:Body>\r
      <web:obtenerDestinoPorId>\r
         <arg0>?</arg0>\r
      </web:obtenerDestinoPorId>\r
   </soapenv:Body>\r
</soapenv:Envelope>]]></con:request><con:credentials><con:authType>No Authorization</con:authType></con:credentials><con:jmsConfig JMSDeliveryMode="PERSISTENT"/><con:jmsPropertyConfig/><con:wsaConfig mustUnderstand="NONE" version="200508" action="http://webservices.soap.turismo.cibertec.com/DestinoTuristicoWebService/obtenerDestinoPorIdRequest"/><con:wsrmConfig version="1.2"/></con:call></con:operation></con:interface><con:interface xsi:type="con:WsdlInterface" id="c62332d1-7bfa-4cce-93ef-71784c598e35" wsaVersion="NONE" name="ReservaWebServicePortBinding" type="wsdl" bindingName="{http://webservices.soap.turismo.cibertec.com/}ReservaWebServicePortBinding" soapVersion="1_1" anonymous="optional" definition="http://localhost:9001/ws/reserva?wsdl" xmlns:xsi="http://www.w3.org/2001/XMLSchema-instance"><con:settings/><con:definitionCache type="TEXT" rootPart="http://localhost:9001/ws/reserva?wsdl"><con:part><con:url>http://localhost:9001/ws/reserva?wsdl</con:url><con:content><![CDATA[<!--Published by XML-WS Runtime (https://github.com/eclipse-ee4j/metro-jax-ws). Runtime's version is XML-WS Runtime 4.0.3 git-revision#a57c222.-->
<!--Generated by XML-WS Runtime (https://github.com/eclipse-ee4j/metro-jax-ws). Runtime's version is XML-WS Runtime 4.0.3 git-revision#a57c222.-->
<definitions targetNamespace="http://webservices.soap.turismo.cibertec.com/" name="ReservaService" xmlns:wsu="http://docs.oasis-open.org/wss/2004/01/oasis-200401-wss-wssecurity-utility-1.0.xsd" xmlns:wsp="http://www.w3.org/ns/ws-policy" xmlns:wsp1_2="http://schemas.xmlsoap.org/ws/2004/09/policy" xmlns:wsam="http://www.w3.org/2007/05/addressing/metadata" xmlns:soap="http://schemas.xmlsoap.org/wsdl/soap/" xmlns:tns="http://webservices.soap.turismo.cibertec.com/" xmlns:xsd="http://www.w3.org/2001/XMLSchema" xmlns="http://schemas.xmlsoap.org/wsdl/">
  <types>
    <xsd:schema>
      <xsd:import namespace="http://webservices.soap.turismo.cibertec.com/" schemaLocation="http://localhost:9001/ws/reserva?xsd=1"/>
    </xsd:schema>
  </types>
  <message name="actualizarEstadoReserva">
    <part name="parameters" element="tns:actualizarEstadoReserva"/>
  </message>
  <message name="actualizarEstadoReservaResponse">
    <part name="parameters" element="tns:actualizarEstadoReservaResponse"/>
  </message>
  <message name="obtenerReservaPorId">
    <part name="parameters" element="tns:obtenerReservaPorId"/>
  </message>
  <message name="obtenerReservaPorIdResponse">
    <part name="parameters" element="tns:obtenerReservaPorIdResponse"/>
  </message>
  <message name="eliminarReserva">
    <part name="parameters" element="tns:eliminarReserva"/>
  </message>
  <message name="eliminarReservaResponse">
    <part name="parameters" element="tns:eliminarReservaResponse"/>
  </message>
  <message name="crearReserva">
    <part name="parameters" element="tns:crearReserva"/>
  </message>
  <message name="crearReservaResponse">
    <part name="parameters" element="tns:crearReservaResponse"/>
  </message>
  <message name="listarReservas">
    <part name="parameters" element="tns:listarReservas"/>
  </message>
  <message name="listarReservasResponse">
    <part name="parameters" element="tns:listarReservasResponse"/>
  </message>
  <portType name="ReservaWebService">
    <operation name="actualizarEstadoReserva">
      <input wsam:Action="http://webservices.soap.turismo.cibertec.com/ReservaWebService/actualizarEstadoReservaRequest" message="tns:actualizarEstadoReserva"/>
      <output wsam:Action="http://webservices.soap.turismo.cibertec.com/ReservaWebService/actualizarEstadoReservaResponse" message="tns:actualizarEstadoReservaResponse"/>
    </operation>
    <operation name="obtenerReservaPorId">
      <input wsam:Action="http://webservices.soap.turismo.cibertec.com/ReservaWebService/obtenerReservaPorIdRequest" message="tns:obtenerReservaPorId"/>
      <output wsam:Action="http://webservices.soap.turismo.cibertec.com/ReservaWebService/obtenerReservaPorIdResponse" message="tns:obtenerReservaPorIdResponse"/>
    </operation>
    <operation name="eliminarReserva">
      <input wsam:Action="http://webservices.soap.turismo.cibertec.com/ReservaWebService/eliminarReservaRequest" message="tns:eliminarReserva"/>
      <output wsam:Action="http://webservices.soap.turismo.cibertec.com/ReservaWebService/eliminarReservaResponse" message="tns:eliminarReservaResponse"/>
    </operation>
    <operation name="crearReserva">
      <input wsam:Action="http://webservices.soap.turismo.cibertec.com/ReservaWebService/crearReservaRequest" message="tns:crearReserva"/>
      <output wsam:Action="http://webservices.soap.turismo.cibertec.com/ReservaWebService/crearReservaResponse" message="tns:crearReservaResponse"/>
    </operation>
    <operation name="listarReservas">
      <input wsam:Action="http://webservices.soap.turismo.cibertec.com/ReservaWebService/listarReservasRequest" message="tns:listarReservas"/>
      <output wsam:Action="http://webservices.soap.turismo.cibertec.com/ReservaWebService/listarReservasResponse" message="tns:listarReservasResponse"/>
    </operation>
  </portType>
  <binding name="ReservaWebServicePortBinding" type="tns:ReservaWebService">
    <soap:binding transport="http://schemas.xmlsoap.org/soap/http" style="document"/>
    <operation name="actualizarEstadoReserva">
      <soap:operation soapAction=""/>
      <input>
        <soap:body use="literal"/>
      </input>
      <output>
        <soap:body use="literal"/>
      </output>
    </operation>
    <operation name="obtenerReservaPorId">
      <soap:operation soapAction=""/>
      <input>
        <soap:body use="literal"/>
      </input>
      <output>
        <soap:body use="literal"/>
      </output>
    </operation>
    <operation name="eliminarReserva">
      <soap:operation soapAction=""/>
      <input>
        <soap:body use="literal"/>
      </input>
      <output>
        <soap:body use="literal"/>
      </output>
    </operation>
    <operation name="crearReserva">
      <soap:operation soapAction=""/>
      <input>
        <soap:body use="literal"/>
      </input>
      <output>
        <soap:body use="literal"/>
      </output>
    </operation>
    <operation name="listarReservas">
      <soap:operation soapAction=""/>
      <input>
        <soap:body use="literal"/>
      </input>
      <output>
        <soap:body use="literal"/>
      </output>
    </operation>
  </binding>
  <service name="ReservaService">
    <port name="ReservaWebServicePort" binding="tns:ReservaWebServicePortBinding">
      <soap:address location="http://localhost:9001/ws/reserva"/>
    </port>
  </service>
</definitions>]]></con:content><con:type>http://schemas.xmlsoap.org/wsdl/</con:type></con:part><con:part><con:url>http://localhost:9001/ws/reserva?xsd=1</con:url><con:content><![CDATA[<!--Published by XML-WS Runtime (https://github.com/eclipse-ee4j/metro-jax-ws). Runtime's version is XML-WS Runtime 4.0.3 git-revision#a57c222.-->
<xs:schema version="1.0" targetNamespace="http://webservices.soap.turismo.cibertec.com/" xmlns:tns="http://webservices.soap.turismo.cibertec.com/" xmlns:xs="http://www.w3.org/2001/XMLSchema">
  <xs:element name="Usuario" type="tns:usuario"/>
  <xs:element name="actualizarEstadoReserva" type="tns:actualizarEstadoReserva"/>
  <xs:element name="actualizarEstadoReservaResponse" type="tns:actualizarEstadoReservaResponse"/>
  <xs:element name="crearReserva" type="tns:crearReserva"/>
  <xs:element name="crearReservaResponse" type="tns:crearReservaResponse"/>
  <xs:element name="destinoTuristico" type="tns:destinoTuristico"/>
  <xs:element name="eliminarReserva" type="tns:eliminarReserva"/>
  <xs:element name="eliminarReservaResponse" type="tns:eliminarReservaResponse"/>
  <xs:element name="listarReservas" type="tns:listarReservas"/>
  <xs:element name="listarReservasResponse" type="tns:listarReservasResponse"/>
  <xs:element name="obtenerReservaPorId" type="tns:obtenerReservaPorId"/>
  <xs:element name="obtenerReservaPorIdResponse" type="tns:obtenerReservaPorIdResponse"/>
  <xs:element name="reservas" nillable="true" type="xs:anyType"/>
  <xs:complexType name="actualizarEstadoReserva">
    <xs:sequence>
      <xs:element name="arg0" type="xs:long" minOccurs="0"/>
      <xs:element name="arg1" type="tns:reserva" minOccurs="0"/>
    </xs:sequence>
  </xs:complexType>
  <xs:complexType name="reserva">
    <xs:sequence>
      <xs:element name="id" type="xs:long" minOccurs="0"/>
      <xs:element name="usuario" type="tns:usuario" minOccurs="0"/>
      <xs:element name="destino" type="tns:destinoTuristico" minOccurs="0"/>
      <xs:element name="fechaReserva" type="tns:localDate" minOccurs="0"/>
      <xs:element name="estado" type="xs:string" minOccurs="0"/>
    </xs:sequence>
  </xs:complexType>
  <xs:complexType name="usuario">
    <xs:sequence>
      <xs:element name="id" type="xs:long" minOccurs="0"/>
      <xs:element name="email" type="xs:string" minOccurs="0"/>
      <xs:element name="password" type="xs:string" minOccurs="0"/>
      <xs:element name="role" type="xs:string" minOccurs="0"/>
    </xs:sequence>
  </xs:complexType>
  <xs:complexType name="destinoTuristico">
    <xs:sequence>
      <xs:element name="id" type="xs:long" minOccurs="0"/>
      <xs:element name="nombre" type="xs:string" minOccurs="0"/>
      <xs:element name="descripcion" type="xs:string" minOccurs="0"/>
      <xs:element name="ubicacion" type="xs:string" minOccurs="0"/>
    </xs:sequence>
  </xs:complexType>
  <xs:complexType name="localDate" final="extension restriction">
    <xs:sequence/>
  </xs:complexType>
  <xs:complexType name="actualizarEstadoReservaResponse">
    <xs:sequence>
      <xs:element name="return" type="xs:string" minOccurs="0"/>
    </xs:sequence>
  </xs:complexType>
  <xs:complexType name="crearReserva">
    <xs:sequence>
      <xs:element name="arg0" type="tns:reserva" minOccurs="0"/>
    </xs:sequence>
  </xs:complexType>
  <xs:complexType name="crearReservaResponse">
    <xs:sequence>
      <xs:element name="return" type="xs:string" minOccurs="0"/>
    </xs:sequence>
  </xs:complexType>
  <xs:complexType name="obtenerReservaPorId">
    <xs:sequence>
      <xs:element name="arg0" type="xs:long" minOccurs="0"/>
    </xs:sequence>
  </xs:complexType>
  <xs:complexType name="obtenerReservaPorIdResponse">
    <xs:sequence>
      <xs:element name="return" type="xs:string" minOccurs="0"/>
    </xs:sequence>
  </xs:complexType>
  <xs:complexType name="eliminarReserva">
    <xs:sequence>
      <xs:element name="arg0" type="xs:long" minOccurs="0"/>
    </xs:sequence>
  </xs:complexType>
  <xs:complexType name="eliminarReservaResponse">
    <xs:sequence>
      <xs:element name="return" type="xs:string" minOccurs="0"/>
    </xs:sequence>
  </xs:complexType>
  <xs:complexType name="listarReservas">
    <xs:sequence/>
  </xs:complexType>
  <xs:complexType name="listarReservasResponse">
    <xs:sequence>
      <xs:element name="return" type="tns:listaReservas" minOccurs="0"/>
    </xs:sequence>
  </xs:complexType>
  <xs:complexType name="listaReservas">
    <xs:sequence>
      <xs:element name="reserva" type="tns:reserva" minOccurs="0" maxOccurs="unbounded"/>
    </xs:sequence>
  </xs:complexType>
</xs:schema>]]></con:content><con:type>http://www.w3.org/2001/XMLSchema</con:type></con:part></con:definitionCache><con:endpoints><con:endpoint>http://localhost:9001/ws/reserva</con:endpoint></con:endpoints><con:operation id="d52dcacf-502a-440b-b340-f23d3fe0a9e9" isOneWay="false" action="" name="actualizarEstadoReserva" bindingOperationName="actualizarEstadoReserva" type="Request-Response" inputName="" receivesAttachments="false" sendsAttachments="false" anonymous="optional"><con:settings/><con:call id="04f4b293-dab6-44e3-8b52-9162e2017896" name="Request 1"><con:settings><con:setting id="com.eviware.soapui.impl.wsdl.WsdlRequest@request-headers">&lt;xml-fragment/></con:setting></con:settings><con:encoding>UTF-8</con:encoding><con:endpoint>http://localhost:9001/ws/reserva</con:endpoint><con:request><![CDATA[<soapenv:Envelope xmlns:soapenv="http://schemas.xmlsoap.org/soap/envelope/" 
xmlns:web="http://webservices.soap.turismo.cibertec.com/"
xmlns:auth="http://security.turismo.cibertec.com/">
   <soapenv:Header>
      <auth:token>Bearer <Token generado al loguearte></auth:token>
   </soapenv:Header>
   <soapenv:Body>\r
      <web:actualizarEstadoReserva>\r
         <arg0>2</arg0>\r
         <arg1>\r
           <usuario>
               <id>1</id>
            </usuario>
            <destino>
               <id>1</id>
            </destino>
           <fechaReserva>2025-12-12</fechaReserva>
            <estado>COMPLETADA</estado>\r
         </arg1>\r
      </web:actualizarEstadoReserva>\r
   </soapenv:Body>\r
</soapenv:Envelope>]]></con:request><con:credentials><con:authType>No Authorization</con:authType></con:credentials><con:jmsConfig JMSDeliveryMode="PERSISTENT"/><con:jmsPropertyConfig/><con:wsaConfig mustUnderstand="NONE" version="200508" action="http://webservices.soap.turismo.cibertec.com/ReservaWebService/actualizarEstadoReservaRequest"/><con:wsrmConfig version="1.2"/></con:call></con:operation><con:operation id="24d3c13c-032c-4d9b-a885-16bd64610da8" isOneWay="false" action="" name="crearReserva" bindingOperationName="crearReserva" type="Request-Response" inputName="" receivesAttachments="false" sendsAttachments="false" anonymous="optional"><con:settings/><con:call id="00537412-f73a-4dba-9dfd-08c81261f187" name="Request 1"><con:settings><con:setting id="com.eviware.soapui.impl.wsdl.WsdlRequest@request-headers">&lt;xml-fragment/></con:setting></con:settings><con:encoding>UTF-8</con:encoding><con:endpoint>http://localhost:9001/ws/reserva</con:endpoint><con:request><![CDATA[<soapenv:Envelope xmlns:soapenv="http://schemas.xmlsoap.org/soap/envelope/" 
xmlns:web="http://webservices.soap.turismo.cibertec.com/"
xmlns:auth="http://security.turismo.cibertec.com/">
   <soapenv:Header>
      <auth:token>Bearer <Token generado al loguearte></auth:token>
   </soapenv:Header>
   <soapenv:Body>\r
      <web:crearReserva>\r
         <arg0>\r
            <usuario>\r
               <id>4</id>\r
            </usuario>\r
            <destino>\r
               <id>2</id>\r
            </destino>\r
           <fechaReserva>2025-12-12</fechaReserva>
         </arg0>\r
      </web:crearReserva>\r
   </soapenv:Body>\r
</soapenv:Envelope>]]></con:request><con:credentials><con:authType>No Authorization</con:authType></con:credentials><con:jmsConfig JMSDeliveryMode="PERSISTENT"/><con:jmsPropertyConfig/><con:wsaConfig mustUnderstand="NONE" version="200508" action="http://webservices.soap.turismo.cibertec.com/ReservaWebService/crearReservaRequest"/><con:wsrmConfig version="1.2"/></con:call></con:operation><con:operation id="1173d629-2819-49b7-8a09-20f9785f2d0c" isOneWay="false" action="" name="eliminarReserva" bindingOperationName="eliminarReserva" type="Request-Response" inputName="" receivesAttachments="false" sendsAttachments="false" anonymous="optional"><con:settings/><con:call id="ab0ca1fc-bb7d-4617-adcf-a165463c8495" name="Request 1"><con:settings><con:setting id="com.eviware.soapui.impl.wsdl.WsdlRequest@request-headers">&lt;xml-fragment/></con:setting></con:settings><con:encoding>UTF-8</con:encoding><con:endpoint>http://localhost:9001/ws/reserva</con:endpoint><con:request><![CDATA[<soapenv:Envelope xmlns:soapenv="http://schemas.xmlsoap.org/soap/envelope/" 
xmlns:web="http://webservices.soap.turismo.cibertec.com/"
xmlns:auth="http://security.turismo.cibertec.com/">
   <soapenv:Header>
      <auth:token>Bearer <Token generado al loguearte></auth:token>
   </soapenv:Header>
   <soapenv:Body>\r
      <web:eliminarReserva>\r
         <arg0>?</arg0>\r
      </web:eliminarReserva>\r
   </soapenv:Body>\r
</soapenv:Envelope>]]></con:request><con:credentials><con:authType>No Authorization</con:authType></con:credentials><con:jmsConfig JMSDeliveryMode="PERSISTENT"/><con:jmsPropertyConfig/><con:wsaConfig mustUnderstand="NONE" version="200508" action="http://webservices.soap.turismo.cibertec.com/ReservaWebService/eliminarReservaRequest"/><con:wsrmConfig version="1.2"/></con:call></con:operation><con:operation id="ae7feda7-0960-40fe-ad86-4438eec0d6eb" isOneWay="false" action="" name="listarReservas" bindingOperationName="listarReservas" type="Request-Response" inputName="" receivesAttachments="false" sendsAttachments="false" anonymous="optional"><con:settings/><con:call id="b57565ce-414a-4e43-84a0-d250e0c23b8e" name="Request 1"><con:settings><con:setting id="com.eviware.soapui.impl.wsdl.WsdlRequest@request-headers">&lt;xml-fragment/></con:setting></con:settings><con:encoding>UTF-8</con:encoding><con:endpoint>http://localhost:9001/ws/reserva</con:endpoint><con:request><![CDATA[<soapenv:Envelope xmlns:soapenv="http://schemas.xmlsoap.org/soap/envelope/" 
xmlns:web="http://webservices.soap.turismo.cibertec.com/"
xmlns:auth="http://security.turismo.cibertec.com/">
   <soapenv:Header>
      <auth:token>Bearer <Token generado al loguearte></auth:token>
   </soapenv:Header>
   <soapenv:Body>\r
      <web:listarReservas/>\r
   </soapenv:Body>\r
</soapenv:Envelope>]]></con:request><con:credentials><con:authType>No Authorization</con:authType></con:credentials><con:jmsConfig JMSDeliveryMode="PERSISTENT"/><con:jmsPropertyConfig/><con:wsaConfig mustUnderstand="NONE" version="200508" action="http://webservices.soap.turismo.cibertec.com/ReservaWebService/listarReservasRequest"/><con:wsrmConfig version="1.2"/></con:call></con:operation><con:operation id="e39a0aa9-1cb7-4920-aeea-c4c1e233af45" isOneWay="false" action="" name="obtenerReservaPorId" bindingOperationName="obtenerReservaPorId" type="Request-Response" inputName="" receivesAttachments="false" sendsAttachments="false" anonymous="optional"><con:settings/><con:call id="3e503016-0908-49aa-9583-a6aaaffb4b96" name="Request 1"><con:settings><con:setting id="com.eviware.soapui.impl.wsdl.WsdlRequest@request-headers">&lt;xml-fragment/></con:setting></con:settings><con:encoding>UTF-8</con:encoding><con:endpoint>http://localhost:9001/ws/reserva</con:endpoint><con:request><![CDATA[<soapenv:Envelope xmlns:soapenv="http://schemas.xmlsoap.org/soap/envelope/" 
xmlns:web="http://webservices.soap.turismo.cibertec.com/"
xmlns:auth="http://security.turismo.cibertec.com/">
   <soapenv:Header>
      <auth:token>Bearer <Token generado al loguearte></auth:token>
   </soapenv:Header>
   <soapenv:Body>\r
      <web:obtenerReservaPorId>\r
         <arg0>4</arg0>\r
      </web:obtenerReservaPorId>\r
   </soapenv:Body>\r
</soapenv:Envelope>]]></con:request><con:credentials><con:authType>No Authorization</con:authType></con:credentials><con:jmsConfig JMSDeliveryMode="PERSISTENT"/><con:jmsPropertyConfig/><con:wsaConfig mustUnderstand="NONE" version="200508" action="http://webservices.soap.turismo.cibertec.com/ReservaWebService/obtenerReservaPorIdRequest"/><con:wsrmConfig version="1.2"/></con:call></con:operation></con:interface><con:interface xsi:type="con:WsdlInterface" id="efbc53a7-7d46-4e1b-ae4f-eb2dfa72f5e1" wsaVersion="NONE" name="ExportImportWebServicePortBinding" type="wsdl" bindingName="{http://webservices.soap.turismo.cibertec.com/}ExportImportWebServicePortBinding" soapVersion="1_1" anonymous="optional" definition="http://localhost:9001/ws/import-export?wsdl" xmlns:xsi="http://www.w3.org/2001/XMLSchema-instance"><con:settings/><con:definitionCache type="TEXT" rootPart="http://localhost:9001/ws/import-export?wsdl"><con:part><con:url>http://localhost:9001/ws/import-export?wsdl</con:url><con:content><![CDATA[<!--Published by XML-WS Runtime (https://github.com/eclipse-ee4j/metro-jax-ws). Runtime's version is XML-WS Runtime 4.0.3 git-revision#a57c222.-->
<!--Generated by XML-WS Runtime (https://github.com/eclipse-ee4j/metro-jax-ws). Runtime's version is XML-WS Runtime 4.0.3 git-revision#a57c222.-->
<definitions targetNamespace="http://webservices.soap.turismo.cibertec.com/" name="ExportImportService" xmlns:wsu="http://docs.oasis-open.org/wss/2004/01/oasis-200401-wss-wssecurity-utility-1.0.xsd" xmlns:wsp="http://www.w3.org/ns/ws-policy" xmlns:wsp1_2="http://schemas.xmlsoap.org/ws/2004/09/policy" xmlns:wsam="http://www.w3.org/2007/05/addressing/metadata" xmlns:soap="http://schemas.xmlsoap.org/wsdl/soap/" xmlns:tns="http://webservices.soap.turismo.cibertec.com/" xmlns:xsd="http://www.w3.org/2001/XMLSchema" xmlns="http://schemas.xmlsoap.org/wsdl/">
  <types>
    <xsd:schema>
      <xsd:import namespace="http://webservices.soap.turismo.cibertec.com/" schemaLocation="http://localhost:9001/ws/import-export?xsd=1"/>
    </xsd:schema>
  </types>
  <message name="importXml">
    <part name="parameters" element="tns:importXml"/>
  </message>
  <message name="importXmlResponse">
    <part name="parameters" element="tns:importXmlResponse"/>
  </message>
  <message name="exportXml">
    <part name="parameters" element="tns:exportXml"/>
  </message>
  <message name="exportXmlResponse">
    <part name="parameters" element="tns:exportXmlResponse"/>
  </message>
  <message name="exportJson">
    <part name="parameters" element="tns:exportJson"/>
  </message>
  <message name="exportJsonResponse">
    <part name="parameters" element="tns:exportJsonResponse"/>
  </message>
  <message name="importJson">
    <part name="parameters" element="tns:importJson"/>
  </message>
  <message name="importJsonResponse">
    <part name="parameters" element="tns:importJsonResponse"/>
  </message>
  <portType name="ExportImportWebService">
    <operation name="importXml">
      <input wsam:Action="http://webservices.soap.turismo.cibertec.com/ExportImportWebService/importXmlRequest" message="tns:importXml"/>
      <output wsam:Action="http://webservices.soap.turismo.cibertec.com/ExportImportWebService/importXmlResponse" message="tns:importXmlResponse"/>
    </operation>
    <operation name="exportXml">
      <input wsam:Action="http://webservices.soap.turismo.cibertec.com/ExportImportWebService/exportXmlRequest" message="tns:exportXml"/>
      <output wsam:Action="http://webservices.soap.turismo.cibertec.com/ExportImportWebService/exportXmlResponse" message="tns:exportXmlResponse"/>
    </operation>
    <operation name="exportJson">
      <input wsam:Action="http://webservices.soap.turismo.cibertec.com/ExportImportWebService/exportJsonRequest" message="tns:exportJson"/>
      <output wsam:Action="http://webservices.soap.turismo.cibertec.com/ExportImportWebService/exportJsonResponse" message="tns:exportJsonResponse"/>
    </operation>
    <operation name="importJson">
      <input wsam:Action="http://webservices.soap.turismo.cibertec.com/ExportImportWebService/importJsonRequest" message="tns:importJson"/>
      <output wsam:Action="http://webservices.soap.turismo.cibertec.com/ExportImportWebService/importJsonResponse" message="tns:importJsonResponse"/>
    </operation>
  </portType>
  <binding name="ExportImportWebServicePortBinding" type="tns:ExportImportWebService">
    <soap:binding transport="http://schemas.xmlsoap.org/soap/http" style="document"/>
    <operation name="importXml">
      <soap:operation soapAction=""/>
      <input>
        <soap:body use="literal"/>
      </input>
      <output>
        <soap:body use="literal"/>
      </output>
    </operation>
    <operation name="exportXml">
      <soap:operation soapAction=""/>
      <input>
        <soap:body use="literal"/>
      </input>
      <output>
        <soap:body use="literal"/>
      </output>
    </operation>
    <operation name="exportJson">
      <soap:operation soapAction=""/>
      <input>
        <soap:body use="literal"/>
      </input>
      <output>
        <soap:body use="literal"/>
      </output>
    </operation>
    <operation name="importJson">
      <soap:operation soapAction=""/>
      <input>
        <soap:body use="literal"/>
      </input>
      <output>
        <soap:body use="literal"/>
      </output>
    </operation>
  </binding>
  <service name="ExportImportService">
    <port name="ExportImportWebServicePort" binding="tns:ExportImportWebServicePortBinding">
      <soap:address location="http://localhost:9001/ws/import-export"/>
    </port>
  </service>
</definitions>]]></con:content><con:type>http://schemas.xmlsoap.org/wsdl/</con:type></con:part><con:part><con:url>http://localhost:9001/ws/import-export?xsd=1</con:url><con:content><![CDATA[<!--Published by XML-WS Runtime (https://github.com/eclipse-ee4j/metro-jax-ws). Runtime's version is XML-WS Runtime 4.0.3 git-revision#a57c222.-->
<xs:schema version="1.0" targetNamespace="http://webservices.soap.turismo.cibertec.com/" xmlns:tns="http://webservices.soap.turismo.cibertec.com/" xmlns:xs="http://www.w3.org/2001/XMLSchema">
  <xs:element name="exportJson" type="tns:exportJson"/>
  <xs:element name="exportJsonResponse" type="tns:exportJsonResponse"/>
  <xs:element name="exportXml" type="tns:exportXml"/>
  <xs:element name="exportXmlResponse" type="tns:exportXmlResponse"/>
  <xs:element name="importJson" type="tns:importJson"/>
  <xs:element name="importJsonResponse" type="tns:importJsonResponse"/>
  <xs:element name="importXml" type="tns:importXml"/>
  <xs:element name="importXmlResponse" type="tns:importXmlResponse"/>
  <xs:complexType name="importXml">
    <xs:sequence>
      <xs:element name="entidad" type="xs:string" minOccurs="0"/>
      <xs:element name="filePath" type="xs:string" minOccurs="0"/>
    </xs:sequence>
  </xs:complexType>
  <xs:complexType name="importXmlResponse">
    <xs:sequence>
      <xs:element name="return" type="xs:string" minOccurs="0"/>
    </xs:sequence>
  </xs:complexType>
  <xs:complexType name="importJson">
    <xs:sequence>
      <xs:element name="entidad" type="xs:string" minOccurs="0"/>
      <xs:element name="filePath" type="xs:string" minOccurs="0"/>
    </xs:sequence>
  </xs:complexType>
  <xs:complexType name="importJsonResponse">
    <xs:sequence>
      <xs:element name="return" type="xs:string" minOccurs="0"/>
    </xs:sequence>
  </xs:complexType>
  <xs:complexType name="exportXml">
    <xs:sequence>
      <xs:element name="entidad" type="xs:string" minOccurs="0"/>
    </xs:sequence>
  </xs:complexType>
  <xs:complexType name="exportXmlResponse">
    <xs:sequence>
      <xs:element name="return" type="xs:string" minOccurs="0"/>
    </xs:sequence>
  </xs:complexType>
  <xs:complexType name="exportJson">
    <xs:sequence>
      <xs:element name="entidad" type="xs:string" minOccurs="0"/>
    </xs:sequence>
  </xs:complexType>
  <xs:complexType name="exportJsonResponse">
    <xs:sequence>
      <xs:element name="return" type="xs:string" minOccurs="0"/>
    </xs:sequence>
  </xs:complexType>
</xs:schema>]]></con:content><con:type>http://www.w3.org/2001/XMLSchema</con:type></con:part></con:definitionCache><con:endpoints><con:endpoint>http://localhost:9001/ws/import-export</con:endpoint></con:endpoints><con:operation id="19b45d39-6ffb-4258-bda8-45cd638e11e1" isOneWay="false" action="" name="exportJson" bindingOperationName="exportJson" type="Request-Response" inputName="" receivesAttachments="false" sendsAttachments="false" anonymous="optional"><con:settings/><con:call id="f57be441-f000-4bab-9257-473bd2ed1b92" name="Request 1"><con:settings><con:setting id="com.eviware.soapui.impl.wsdl.WsdlRequest@request-headers">&lt;xml-fragment/></con:setting></con:settings><con:encoding>UTF-8</con:encoding><con:endpoint>http://localhost:9001/ws/import-export</con:endpoint><con:request><![CDATA[<soapenv:Envelope xmlns:soapenv="http://schemas.xmlsoap.org/soap/envelope/" 
xmlns:web="http://webservices.soap.turismo.cibertec.com/"
xmlns:auth="http://security.turismo.cibertec.com/">
   <soapenv:Header>
      <auth:token>Bearer <Token generado al loguearte></auth:token>
   </soapenv:Header>
   <soapenv:Body>\r
      <web:exportJson>\r
         <entidad>?</entidad>\r
      </web:exportJson>\r
   </soapenv:Body>\r
</soapenv:Envelope>]]></con:request><con:credentials><con:authType>No Authorization</con:authType></con:credentials><con:jmsConfig JMSDeliveryMode="PERSISTENT"/><con:jmsPropertyConfig/><con:wsaConfig mustUnderstand="NONE" version="200508" action="http://webservices.soap.turismo.cibertec.com/ExportImportWebService/exportJsonRequest"/><con:wsrmConfig version="1.2"/></con:call></con:operation><con:operation id="8aa292c6-2219-4750-8847-1514f5373cbd" isOneWay="false" action="" name="exportXml" bindingOperationName="exportXml" type="Request-Response" inputName="" receivesAttachments="false" sendsAttachments="false" anonymous="optional"><con:settings/><con:call id="780e2a6e-5168-4dd4-9f25-0f7db474118d" name="Request 1"><con:settings><con:setting id="com.eviware.soapui.impl.wsdl.WsdlRequest@request-headers">&lt;xml-fragment/></con:setting></con:settings><con:encoding>UTF-8</con:encoding><con:endpoint>http://localhost:9001/ws/import-export</con:endpoint><con:request><![CDATA[<soapenv:Envelope xmlns:soapenv="http://schemas.xmlsoap.org/soap/envelope/" 
xmlns:web="http://webservices.soap.turismo.cibertec.com/"
xmlns:auth="http://security.turismo.cibertec.com/">
   <soapenv:Header>
      <auth:token>Bearer <Token generado al loguearte></auth:token>
   </soapenv:Header>
   <soapenv:Body>\r
      <web:exportXml>\r
         <entidad>?</entidad>\r
      </web:exportXml>\r
   </soapenv:Body>\r
</soapenv:Envelope>]]></con:request><con:credentials><con:authType>No Authorization</con:authType></con:credentials><con:jmsConfig JMSDeliveryMode="PERSISTENT"/><con:jmsPropertyConfig/><con:wsaConfig mustUnderstand="NONE" version="200508" action="http://webservices.soap.turismo.cibertec.com/ExportImportWebService/exportXmlRequest"/><con:wsrmConfig version="1.2"/></con:call></con:operation><con:operation id="0b749020-525a-4741-82ba-a87afe365bc9" isOneWay="false" action="" name="importJson" bindingOperationName="importJson" type="Request-Response" inputName="" receivesAttachments="false" sendsAttachments="false" anonymous="optional"><con:settings/><con:call id="3abbbdfd-b3db-4992-9e32-d6e51cbefa8d" name="Request 1"><con:settings><con:setting id="com.eviware.soapui.impl.wsdl.WsdlRequest@request-headers">&lt;xml-fragment/></con:setting></con:settings><con:encoding>UTF-8</con:encoding><con:endpoint>http://localhost:9001/ws/import-export</con:endpoint><con:request><![CDATA[<soapenv:Envelope xmlns:soapenv="http://schemas.xmlsoap.org/soap/envelope/" 
xmlns:web="http://webservices.soap.turismo.cibertec.com/"
xmlns:auth="http://security.turismo.cibertec.com/">
   <soapenv:Header>
      <auth:token>Bearer <Token generado al loguearte></auth:token>
   </soapenv:Header>
   <soapenv:Body>\r
      <web:importJson>\r
         <entidad>destinos</entidad>\r
         <filePath>C:/exports/destinos.json</filePath>\r
      </web:importJson>\r
   </soapenv:Body>\r
</soapenv:Envelope>]]></con:request><con:credentials><con:authType>No Authorization</con:authType></con:credentials><con:jmsConfig JMSDeliveryMode="PERSISTENT"/><con:jmsPropertyConfig/><con:wsaConfig mustUnderstand="NONE" version="200508" action="http://webservices.soap.turismo.cibertec.com/ExportImportWebService/importJsonRequest"/><con:wsrmConfig version="1.2"/></con:call></con:operation><con:operation id="ad44adb7-c62b-46ad-b358-5de738afd40d" isOneWay="false" action="" name="importXml" bindingOperationName="importXml" type="Request-Response" inputName="" receivesAttachments="false" sendsAttachments="false" anonymous="optional"><con:settings/><con:call id="4dec4a74-4596-49c1-87ca-1f64118f957b" name="Request 1"><con:settings><con:setting id="com.eviware.soapui.impl.wsdl.WsdlRequest@request-headers">&lt;xml-fragment/></con:setting></con:settings><con:encoding>UTF-8</con:encoding><con:endpoint>http://localhost:9001/ws/import-export</con:endpoint><con:request><![CDATA[<soapenv:Envelope xmlns:soapenv="http://schemas.xmlsoap.org/soap/envelope/" 
xmlns:web="http://webservices.soap.turismo.cibertec.com/"
xmlns:auth="http://security.turismo.cibertec.com/">
   <soapenv:Header>
      <auth:token>Bearer <Token generado al loguearte></auth:token>
   </soapenv:Header>
   <soapenv:Body>\r
      <web:importXml>\r
         <entidad>destinos</entidad>\r
         <filePath>C:/exports/destinos.xml</filePath>\r
      </web:importXml>\r
   </soapenv:Body>\r
</soapenv:Envelope>]]></con:request><con:credentials><con:authType>No Authorization</con:authType></con:credentials><con:jmsConfig JMSDeliveryMode="PERSISTENT"/><con:jmsPropertyConfig/><con:wsaConfig mustUnderstand="NONE" version="200508" action="http://webservices.soap.turismo.cibertec.com/ExportImportWebService/importXmlRequest"/><con:wsrmConfig version="1.2"/></con:call></con:operation></con:interface><con:properties/><con:wssContainer/><con:oAuth2ProfileContainer/><con:oAuth1ProfileContainer/><con:sensitiveInformation/></con:soapui-project>